# Time[s], Head[m]
0,6.10E-03
60,6.10E-03
120,6.30E-03
180,6.30E-03
240,6.30E-03
300,6.10E-03
360,6.30E-03
420,6.10E-03
480,8.30E-03
540,8.40E-03
600,8.40E-03
660,8.50E-03
720,8.50E-03
780,8.50E-03
840,8.40E-03
900,8.50E-03
960,8.50E-03
1020,8.70E-03
1080,8.80E-03
1140,8.70E-03
1200,8.50E-03
1260,8.50E-03
1320,8.50E-03
1380,8.50E-03
1440,8.40E-03
1500,8.50E-03
1560,8.80E-03
1620,8.50E-03
1680,8.80E-03
1740,8.50E-03
1800,8.70E-03
1860,8.80E-03
1920,8.50E-03
1980,8.90E-03
2040,8.70E-03
2100,8.80E-03
2160,9.10E-03
2220,9.10E-03
2280,8.80E-03
2340,8.90E-03
2400,8.70E-03
2460,9.10E-03
2520,8.80E-03
2580,8.80E-03
2640,8.70E-03
2700,8.50E-03
2760,6.50E-03
2820,2.39E-02
2880,4.59E-02
2940,4.93E-02
3000,4.62E-02
3060,4.61E-02
3120,4.83E-02
3180,5.43E-02
3240,5.93E-02
3300,6.50E-02
3360,7.17E-02
3420,7.72E-02
3480,8.28E-02
3540,8.82E-02
3600,9.30E-02
3660,9.73E-02
3720,1.02E-01
3780,1.07E-01
3840,1.12E-01
3900,1.16E-01
3960,1.21E-01
4020,1.26E-01
4080,1.31E-01
4140,1.35E-01
4200,1.39E-01
4260,1.44E-01
4320,1.48E-01
4380,1.53E-01
4440,1.57E-01
4500,1.61E-01
4560,1.66E-01
4620,1.71E-01
4680,1.75E-01
4740,1.80E-01
4800,1.84E-01
4860,1.89E-01
4920,1.94E-01
4980,1.97E-01
5040,2.02E-01
5100,2.07E-01
5160,2.11E-01
5220,2.18E-01
5280,2.21E-01
5340,2.26E-01
5400,2.31E-01
5460,2.36E-01
5520,2.41E-01
5580,2.46E-01
5640,2.51E-01
5700,2.56E-01
5760,2.55E-01
5820,2.55E-01
5880,2.57E-01
5940,2.59E-01
6000,2.59E-01
6060,2.59E-01
6120,2.60E-01
6180,2.60E-01
6240,2.59E-01
6300,2.60E-01
6360,2.58E-01
6420,2.54E-01
6480,2.51E-01
6540,2.48E-01
6600,2.45E-01
6660,2.43E-01
6720,2.40E-01
6780,2.37E-01
6840,2.35E-01
6900,2.32E-01
6960,2.29E-01
7020,2.26E-01
7080,2.24E-01
7140,2.22E-01
7200,2.19E-01
7260,2.16E-01
7320,2.14E-01
7380,2.11E-01
7440,2.09E-01
7500,2.06E-01
7560,2.04E-01
7620,2.02E-01
7680,2.00E-01
7740,1.98E-01
7800,1.95E-01
7860,1.93E-01
7920,1.90E-01
7980,1.87E-01
8040,1.85E-01
8100,1.83E-01
8160,1.80E-01
8220,1.78E-01
8280,1.76E-01
8340,1.73E-01
8400,1.70E-01
8460,1.68E-01
8520,1.66E-01
8580,1.63E-01
8640,1.61E-01
8700,1.58E-01
8760,1.57E-01
8820,1.54E-01
8880,1.52E-01
8940,1.51E-01
9000,1.48E-01
9060,1.46E-01
9120,1.44E-01
9180,1.43E-01
9240,1.41E-01
9300,1.39E-01
9360,1.37E-01
9420,1.35E-01
9480,1.34E-01
9540,1.32E-01
9600,1.30E-01
9660,1.28E-01
9720,1.26E-01
9780,1.25E-01
9840,1.23E-01
9900,1.21E-01
9960,1.19E-01
10020,1.17E-01
10080,1.15E-01
10140,1.14E-01
10200,1.12E-01
10260,1.10E-01
10320,8.66E-02
10380,5.91E-02
10440,4.46E-02
10500,3.63E-02
10560,3.08E-02
10620,2.70E-02
10680,5.60E-03
10740,5.60E-03
10800,5.60E-03
10860,5.70E-03
10920,5.90E-03
10980,5.70E-03
11040,6.00E-03
11100,6.00E-03
11160,5.90E-03
11220,5.60E-03
11280,5.60E-03
11340,5.90E-03
11400,5.50E-03
11460,5.70E-03
11520,5.70E-03
11580,5.60E-03
11640,5.90E-03
11700,5.90E-03
11760,5.70E-03
11820,5.90E-03
11880,5.90E-03
11940,5.90E-03
12000,5.90E-03
12060,5.60E-03
12120,5.90E-03
12180,5.70E-03
12240,5.60E-03
12300,5.60E-03
12360,6.00E-03
12420,6.00E-03
12480,5.70E-03
12540,5.90E-03
12600,5.90E-03
12660,6.10E-03
12720,5.70E-03
12780,5.90E-03
12840,5.60E-03
12900,6.00E-03
12960,5.70E-03
13020,6.00E-03
13080,5.70E-03
13140,5.50E-03
13200,6.10E-03
13260,5.90E-03
13320,6.00E-03
13380,5.60E-03
13440,5.70E-03
13500,5.90E-03
13560,5.60E-03
13620,5.70E-03
13680,5.90E-03
13740,6.00E-03
13800,6.00E-03
13860,5.70E-03
13920,5.90E-03
13980,5.90E-03
14040,5.70E-03
14100,6.00E-03
14160,5.90E-03
14220,5.90E-03
14280,6.00E-03
14340,6.10E-03
14400,5.60E-03
14460,5.70E-03
14520,5.90E-03
14580,5.60E-03
14640,6.10E-03
14700,6.00E-03
14760,5.90E-03
14820,6.10E-03
14880,6.10E-03
14940,5.90E-03
15000,6.00E-03
15060,5.70E-03
15120,6.00E-03
15180,6.00E-03
15240,5.70E-03
15300,6.10E-03
15360,5.70E-03
15420,3.11E-02
15480,6.93E-02
15540,7.62E-02
15600,7.25E-02
15660,6.98E-02
15720,6.96E-02
15780,7.21E-02
15840,7.65E-02
15900,8.38E-02
15960,9.13E-02
16020,9.87E-02
16080,1.06E-01
16140,1.13E-01
16200,1.18E-01
16260,1.24E-01
16320,1.30E-01
16380,1.36E-01
16440,1.42E-01
16500,1.48E-01
16560,1.54E-01
16620,1.60E-01
16680,1.65E-01
16740,1.71E-01
16800,1.76E-01
16860,1.82E-01
16920,1.88E-01
16980,1.93E-01
17040,1.99E-01
17100,2.05E-01
17160,2.11E-01
17220,2.17E-01
17280,2.23E-01
17340,2.29E-01
17400,2.35E-01
17460,2.41E-01
17520,2.47E-01
17580,2.53E-01
17640,2.58E-01
17700,2.56E-01
17760,2.56E-01
17820,2.55E-01
17880,2.56E-01
17940,2.58E-01
18000,2.62E-01
18060,2.64E-01
18120,2.67E-01
18180,2.69E-01
18240,2.71E-01
18300,2.72E-01
18360,2.74E-01
18420,2.75E-01
18480,2.74E-01
18540,2.73E-01
18600,2.71E-01
18660,2.69E-01
18720,2.68E-01
18780,2.66E-01
18840,2.66E-01
18900,2.65E-01
18960,2.62E-01
19020,2.56E-01
19080,2.54E-01
19140,2.52E-01
19200,2.50E-01
19260,2.48E-01
19320,2.45E-01
19380,2.44E-01
19440,2.42E-01
19500,2.40E-01
19560,2.38E-01
19620,2.36E-01
19680,2.34E-01
19740,2.32E-01
19800,2.30E-01
19860,2.28E-01
19920,2.26E-01
19980,2.24E-01
20040,2.22E-01
20100,2.21E-01
20160,2.19E-01
20220,2.17E-01
20280,2.15E-01
20340,2.14E-01
20400,2.11E-01
20460,2.10E-01
20520,2.08E-01
20580,2.06E-01
20640,2.05E-01
20700,2.03E-01
20760,2.01E-01
20820,1.99E-01
20880,1.97E-01
20940,1.96E-01
21000,1.94E-01
21060,1.92E-01
21120,1.91E-01
21180,1.89E-01
21240,1.87E-01
21300,1.86E-01
21360,1.84E-01
21420,1.82E-01
21480,1.81E-01
21540,1.79E-01
21600,1.78E-01
21660,1.76E-01
21720,1.75E-01
21780,1.73E-01
21840,1.71E-01
21900,1.70E-01
21960,1.69E-01
22020,1.67E-01
22080,1.65E-01
22140,1.63E-01
22200,1.62E-01
22260,1.61E-01
22320,1.59E-01
22380,1.57E-01
22440,1.55E-01
22500,1.53E-01
22560,1.52E-01
22620,1.49E-01
22680,1.47E-01
22740,1.46E-01
22800,1.45E-01
22860,1.43E-01
22920,1.42E-01
22980,1.41E-01
23040,1.39E-01
23100,1.38E-01
23160,1.36E-01
23220,1.34E-01
23280,1.33E-01
23340,1.31E-01
23400,1.30E-01
23460,1.28E-01
23520,1.27E-01
23580,1.26E-01
23640,1.24E-01
23700,1.22E-01
23760,1.20E-01
23820,1.19E-01
23880,1.16E-01
23940,1.14E-01
24000,1.12E-01
24060,1.10E-01
24120,1.08E-01
24180,1.06E-01
24240,1.05E-01
24300,1.02E-01
24360,1.01E-01
24420,9.88E-02
24480,9.72E-02
24540,9.48E-02
24600,9.25E-02
24660,8.98E-02
24720,8.73E-02
24780,8.38E-02
24840,5.23E-02
24900,2.90E-02
24960,1.52E-02
25020,5.00E-03
25080,5.00E-03
25140,5.00E-03
25200,5.00E-03
25260,5.00E-03
25320,5.00E-03
25380,5.00E-03
25440,5.00E-03
25500,5.00E-03
25560,5.00E-03
25620,5.00E-03
25680,5.00E-03
25740,5.00E-03
25800,5.00E-03
25860,5.00E-03
25920,5.00E-03
25980,5.00E-03
26040,5.00E-03
26100,5.00E-03
26160,5.00E-03
26220,5.00E-03
26280,5.60E-03
26340,5.70E-03
26400,5.70E-03
26460,5.60E-03
26520,5.90E-03
26580,5.60E-03
26640,5.70E-03
26700,5.70E-03
26760,5.60E-03
26820,5.50E-03
26880,5.60E-03
26940,5.60E-03
27000,5.30E-03
27060,5.50E-03
27120,5.30E-03
27180,5.60E-03
27240,5.70E-03
27300,5.90E-03
27360,5.60E-03
27420,5.90E-03
27480,5.70E-03
27540,5.70E-03
27600,5.90E-03
27660,5.70E-03
27720,5.70E-03
27780,5.90E-03
27840,5.70E-03
27900,5.70E-03
27960,5.60E-03
28020,2.44E-02
28080,5.67E-02
28140,6.34E-02
28200,6.51E-02
28260,6.72E-02
28320,7.04E-02
28380,7.45E-02
28440,7.94E-02
28500,8.65E-02
28560,9.64E-02
28620,1.04E-01
28680,1.12E-01
28740,1.17E-01
28800,1.23E-01
28860,1.28E-01
28920,1.34E-01
28980,1.39E-01
29040,1.45E-01
29100,1.51E-01
29160,1.56E-01
29220,1.62E-01
29280,1.67E-01
29340,1.74E-01
29400,1.79E-01
29460,1.85E-01
29520,1.91E-01
29580,1.96E-01
29640,2.02E-01
29700,2.08E-01
29760,2.14E-01
29820,2.20E-01
29880,2.26E-01
29940,2.32E-01
30000,2.38E-01
30060,2.44E-01
30120,2.50E-01
30180,2.55E-01
30240,2.58E-01
30300,2.61E-01
30360,2.61E-01
30420,2.61E-01
30480,2.61E-01
30540,2.61E-01
30600,2.61E-01
30660,2.61E-01
30720,2.61E-01
30780,2.61E-01
30840,2.61E-01
30900,2.61E-01
30960,2.61E-01
31020,2.61E-01
31080,2.61E-01
31140,2.61E-01
31200,2.62E-01
31260,2.62E-01
31320,2.62E-01
31380,2.62E-01
31440,2.62E-01
31500,2.62E-01
31560,2.59E-01
31620,2.55E-01
31680,2.52E-01
31740,2.50E-01
31800,2.48E-01
31860,2.46E-01
31920,2.44E-01
31980,2.42E-01
32040,2.40E-01
32100,2.37E-01
32160,2.36E-01
32220,2.34E-01
32280,2.32E-01
32340,2.30E-01
32400,2.27E-01
32460,2.26E-01
32520,2.24E-01
32580,2.22E-01
32640,2.20E-01
32700,2.17E-01
32760,2.16E-01
32820,2.14E-01
32880,2.12E-01
32940,2.10E-01
33000,2.08E-01
33060,2.06E-01
33120,2.04E-01
33180,2.02E-01
33240,2.01E-01
33300,1.99E-01
33360,1.97E-01
33420,1.95E-01
33480,1.93E-01
33540,1.91E-01
33600,1.89E-01
33660,1.87E-01
33720,1.85E-01
33780,1.83E-01
33840,1.82E-01
33900,1.80E-01
33960,1.78E-01
34020,1.76E-01
34080,1.75E-01
34140,1.73E-01
34200,1.71E-01
34260,1.69E-01
34320,1.67E-01
34380,1.66E-01
34440,1.64E-01
34500,1.62E-01
34560,1.60E-01
34620,1.59E-01
34680,1.57E-01
34740,1.55E-01
34800,1.54E-01
34860,1.52E-01
34920,1.50E-01
34980,1.49E-01
35040,1.47E-01
35100,1.45E-01
35160,1.43E-01
35220,1.42E-01
35280,1.40E-01
35340,1.38E-01
35400,1.37E-01
35460,1.35E-01
35520,1.34E-01
35580,1.32E-01
35640,1.30E-01
35700,1.28E-01
35760,1.26E-01
35820,1.24E-01
35880,1.23E-01
35940,1.21E-01
36000,1.19E-01
36060,1.18E-01
36120,1.16E-01
36180,1.14E-01
36240,1.13E-01
36300,1.12E-01
36360,1.10E-01
36420,1.08E-01
36480,1.06E-01
36540,1.05E-01
36600,1.03E-01
36660,1.01E-01
36720,9.93E-02
36780,9.73E-02
36840,9.59E-02
36900,9.32E-02
36960,9.14E-02
37020,8.85E-02
37080,8.62E-02
37140,8.34E-02
37200,7.89E-02
37260,3.36E-02
37320,1.62E-02
37380,5.00E-03
37440,5.00E-03
37500,5.00E-03
37560,5.00E-03
37620,5.00E-03
37680,5.00E-03
37740,5.00E-03
37800,5.00E-03
37860,5.00E-03
37920,5.00E-03
37980,5.00E-03
38040,5.00E-03
38100,5.20E-03
38160,5.70E-03
38220,5.70E-03
38280,5.30E-03
38340,5.50E-03
38400,5.60E-03
38460,5.70E-03
38520,5.50E-03
38580,5.70E-03
38640,5.60E-03
38700,5.60E-03
38760,5.60E-03
38820,5.50E-03
38880,5.30E-03
38940,5.50E-03
39000,5.60E-03
39060,5.60E-03
39120,5.60E-03
39180,5.90E-03
39240,5.70E-03
39300,5.60E-03
39360,5.60E-03
39420,5.20E-03
39480,5.50E-03
39540,5.20E-03
39600,5.50E-03
39660,5.50E-03
39720,5.50E-03
39780,5.60E-03
39840,5.30E-03
39900,5.50E-03
39960,5.70E-03
40020,5.50E-03
40080,5.60E-03
40140,5.90E-03
40200,5.60E-03
40260,5.90E-03
40320,5.50E-03
40380,5.30E-03
40440,5.20E-03
40500,5.60E-03
40560,5.10E-03
40620,3.59E-02
40680,6.90E-02
40740,7.80E-02
40800,7.90E-02
40860,7.89E-02
40920,8.06E-02
40980,8.29E-02
41040,8.66E-02
41100,9.01E-02
41160,9.48E-02
41220,9.97E-02
41280,1.05E-01
41340,1.15E-01
41400,1.23E-01
41460,1.30E-01
41520,1.38E-01
41580,1.44E-01
41640,1.49E-01
41700,1.55E-01
41760,1.61E-01
41820,1.66E-01
41880,1.71E-01
41940,1.77E-01
42000,1.83E-01
42060,1.88E-01
42120,1.94E-01
42180,1.99E-01
42240,2.05E-01
42300,2.11E-01
42360,2.17E-01
42420,2.22E-01
42480,2.28E-01
42540,2.34E-01
42600,2.39E-01
42660,2.45E-01
42720,2.51E-01
42780,2.57E-01
42840,2.61E-01
42900,2.64E-01
42960,2.64E-01
43020,2.64E-01
43080,2.63E-01
43140,2.63E-01
43200,2.63E-01
43260,2.64E-01
43320,2.64E-01
43380,2.64E-01
43440,2.65E-01
43500,2.65E-01
43560,2.65E-01
43620,2.64E-01
43680,2.64E-01
43740,2.64E-01
43800,2.64E-01
43860,2.65E-01
43920,2.65E-01
43980,2.65E-01
44040,2.64E-01
44100,2.65E-01
44160,2.61E-01
44220,2.58E-01
44280,2.55E-01
44340,2.53E-01
44400,2.51E-01
44460,2.49E-01
44520,2.47E-01
44580,2.45E-01
44640,2.43E-01
44700,2.41E-01
44760,2.39E-01
44820,2.37E-01
44880,2.35E-01
44940,2.33E-01
45000,2.31E-01
45060,2.29E-01
45120,2.27E-01
45180,2.25E-01
45240,2.23E-01
45300,2.21E-01
45360,2.19E-01
45420,2.17E-01
45480,2.15E-01
45540,2.13E-01
45600,2.11E-01
45660,2.09E-01
45720,2.07E-01
45780,2.05E-01
45840,2.03E-01
45900,2.01E-01
45960,1.99E-01
46020,1.97E-01
46080,1.96E-01
46140,1.93E-01
46200,1.92E-01
46260,1.90E-01
46320,1.88E-01
46380,1.86E-01
46440,1.84E-01
46500,1.82E-01
46560,1.81E-01
46620,1.79E-01
46680,1.77E-01
46740,1.75E-01
46800,1.74E-01
46860,1.72E-01
46920,1.70E-01
46980,1.68E-01
47040,1.65E-01
47100,1.63E-01
47160,1.62E-01
47220,1.60E-01
47280,1.58E-01
47340,1.57E-01
47400,1.55E-01
47460,1.52E-01
47520,1.50E-01
47580,1.49E-01
47640,1.46E-01
47700,1.45E-01
47760,1.43E-01
47820,1.41E-01
47880,1.39E-01
47940,1.38E-01
48000,1.36E-01
48060,1.34E-01
48120,1.32E-01
48180,1.31E-01
48240,1.29E-01
48300,1.27E-01
48360,1.25E-01
48420,1.24E-01
48480,1.22E-01
48540,1.20E-01
48600,1.18E-01
48660,1.16E-01
48720,1.14E-01
48780,1.11E-01
48840,1.09E-01
48900,1.06E-01
48960,1.05E-01
49020,1.02E-01
49080,1.01E-01
49140,9.83E-02
49200,9.60E-02
49260,9.28E-02
49320,9.05E-02
49380,8.81E-02
49440,8.53E-02
49500,6.57E-02
49560,3.07E-02
49620,1.50E-02
49680,5.00E-03
49740,5.00E-03
49800,5.00E-03
49860,5.00E-03
49920,5.00E-03
49980,5.00E-03
50040,5.00E-03
50100,5.00E-03
50160,5.00E-03
50220,5.00E-03
50280,5.00E-03
50340,5.00E-03
50400,5.00E-03
50460,5.00E-03
50520,5.00E-03
50580,5.00E-03
50640,5.00E-03
50700,5.00E-03
50760,5.00E-03
50820,5.00E-03
50880,5.60E-03
50940,5.50E-03
51000,5.30E-03
51060,5.50E-03
51120,5.30E-03
51180,5.50E-03
51240,5.50E-03
51300,5.50E-03
51360,5.30E-03
51420,5.20E-03
51480,5.60E-03
51540,5.30E-03
51600,5.60E-03
51660,5.60E-03
51720,5.60E-03
51780,5.60E-03
51840,5.30E-03
51900,5.30E-03
51960,5.60E-03
52020,5.50E-03
52080,5.20E-03
52140,5.50E-03
52200,5.50E-03
52260,5.20E-03
52320,5.50E-03
52380,5.30E-03
52440,5.50E-03
52500,5.20E-03
52560,5.50E-03
52620,5.20E-03
52680,5.60E-03
52740,5.50E-03
52800,5.50E-03
52860,5.60E-03
52920,5.50E-03
52980,5.30E-03
53040,5.30E-03
53100,5.70E-03
53160,5.30E-03
53220,4.22E-02
53280,6.80E-02
53340,7.52E-02
53400,7.84E-02
53460,8.08E-02
53520,8.44E-02
53580,8.76E-02
53640,9.16E-02
53700,9.53E-02
53760,9.99E-02
53820,1.05E-01
53880,1.11E-01
53940,1.21E-01
54000,1.28E-01
54060,1.36E-01
54120,1.43E-01
54180,1.49E-01
54240,1.55E-01
54300,1.61E-01
54360,1.66E-01
54420,1.72E-01
54480,1.77E-01
54540,1.83E-01
54600,1.89E-01
54660,1.94E-01
54720,2.00E-01
54780,2.05E-01
54840,2.11E-01
54900,2.16E-01
54960,2.22E-01
55020,2.28E-01
55080,2.34E-01
55140,2.40E-01
55200,2.45E-01
55260,2.51E-01
55320,2.57E-01
55380,2.61E-01
55440,2.63E-01
55500,2.64E-01
55560,2.65E-01
55620,2.65E-01
55680,2.65E-01
55740,2.65E-01
55800,2.65E-01
55860,2.65E-01
55920,2.66E-01
55980,2.66E-01
56040,2.65E-01
56100,2.66E-01
56160,2.65E-01
56220,2.66E-01
56280,2.66E-01
56340,2.66E-01
56400,2.66E-01
56460,2.65E-01
56520,2.66E-01
56580,2.65E-01
56640,2.65E-01
56700,2.65E-01
56760,2.62E-01
56820,2.58E-01
56880,2.56E-01
56940,2.54E-01
57000,2.52E-01
57060,2.49E-01
57120,2.47E-01
57180,2.46E-01
57240,2.43E-01
57300,2.42E-01
57360,2.39E-01
57420,2.38E-01
57480,2.35E-01
57540,2.33E-01
57600,2.31E-01
57660,2.29E-01
57720,2.27E-01
57780,2.25E-01
57840,2.24E-01
57900,2.21E-01
57960,2.20E-01
58020,2.17E-01
58080,2.16E-01
58140,2.14E-01
58200,2.12E-01
58260,2.10E-01
58320,2.08E-01
58380,2.06E-01
58440,2.04E-01
58500,2.02E-01
58560,2.00E-01
58620,1.98E-01
58680,1.97E-01
58740,1.95E-01
58800,1.93E-01
58860,1.91E-01
58920,1.89E-01
58980,1.88E-01
59040,1.86E-01
59100,1.84E-01
59160,1.82E-01
59220,1.80E-01
59280,1.78E-01
59340,1.77E-01
59400,1.75E-01
59460,1.72E-01
59520,1.70E-01
59580,1.69E-01
59640,1.67E-01
59700,1.65E-01
59760,1.63E-01
59820,1.61E-01
59880,1.60E-01
59940,1.58E-01
60000,1.56E-01
60060,1.53E-01
60120,1.52E-01
60180,1.50E-01
60240,1.48E-01
60300,1.46E-01
60360,1.45E-01
60420,1.43E-01
60480,1.41E-01
60540,1.40E-01
60600,1.38E-01
60660,1.36E-01
60720,1.34E-01
60780,1.32E-01
60840,1.31E-01
60900,1.29E-01
60960,1.27E-01
61020,1.25E-01
61080,1.23E-01
61140,1.21E-01
61200,1.19E-01
61260,1.17E-01
61320,1.14E-01
61380,1.13E-01
61440,1.11E-01
61500,1.08E-01
61560,1.06E-01
61620,1.04E-01
61680,1.02E-01
61740,9.92E-02
61800,9.71E-02
61860,9.49E-02
61920,9.22E-02
61980,9.01E-02
62040,8.80E-02
62100,8.54E-02
62160,6.53E-02
62220,3.23E-02
62280,1.72E-02
62340,5.60E-03
62400,5.00E-03
62460,5.00E-03
62520,5.00E-03
62580,5.00E-03
62640,5.00E-03
62700,5.00E-03
62760,5.00E-03
62820,5.00E-03
62880,5.00E-03
62940,5.00E-03
63000,5.00E-03
63060,5.00E-03
63120,5.00E-03
63180,5.00E-03
63240,5.00E-03
63300,5.00E-03
63360,5.00E-03
63420,5.00E-03
63480,5.00E-03
63540,5.00E-03
63600,5.00E-03
63660,5.00E-03
63720,5.00E-03
63780,5.00E-03
63840,5.00E-03
63900,5.00E-03
63960,5.00E-03
64020,5.00E-03
64080,5.00E-03
64140,5.00E-03
64200,5.00E-03
64260,5.00E-03
64320,5.00E-03
64380,5.00E-03
64440,5.00E-03
64500,5.00E-03
64560,5.00E-03
64620,5.00E-03
64680,5.00E-03
64740,5.00E-03
64800,5.00E-03
64860,5.00E-03
64920,5.00E-03
64980,5.00E-03
65040,5.00E-03
65100,5.00E-03
65160,5.00E-03
65220,5.00E-03
65280,5.10E-03
65340,5.10E-03
65400,5.00E-03
65460,5.10E-03
65520,5.10E-03
65580,5.20E-03
65640,5.10E-03
65700,5.30E-03
65760,2.19E-02
65820,7.00E-02
65880,8.10E-02
65940,8.66E-02
66000,9.06E-02
66060,9.36E-02
66120,9.67E-02
66180,9.93E-02
66240,1.03E-01
66300,1.07E-01
66360,1.11E-01
66420,1.14E-01
66480,1.19E-01
66540,1.24E-01
66600,1.29E-01
66660,1.38E-01
66720,1.46E-01
66780,1.52E-01
66840,1.60E-01
66900,1.66E-01
66960,1.73E-01
67020,1.79E-01
67080,1.84E-01
67140,1.90E-01
67200,1.95E-01
67260,2.01E-01
67320,2.06E-01
67380,2.12E-01
67440,2.17E-01
67500,2.23E-01
67560,2.28E-01
67620,2.34E-01
67680,2.39E-01
67740,2.45E-01
67800,2.51E-01
67860,2.56E-01
67920,2.62E-01
67980,2.65E-01
68040,2.66E-01
68100,2.66E-01
68160,2.67E-01
68220,2.67E-01
68280,2.67E-01
68340,2.67E-01
68400,2.67E-01
68460,2.67E-01
68520,2.67E-01
68580,2.67E-01
68640,2.67E-01
68700,2.67E-01
68760,2.67E-01
68820,2.67E-01
68880,2.67E-01
68940,2.67E-01
69000,2.67E-01
69060,2.67E-01
69120,2.67E-01
69180,2.67E-01
69240,2.67E-01
69300,2.67E-01
69360,2.64E-01
69420,2.60E-01
69480,2.58E-01
69540,2.56E-01
69600,2.53E-01
69660,2.51E-01
69720,2.49E-01
69780,2.48E-01
69840,2.45E-01
69900,2.43E-01
69960,2.41E-01
70020,2.39E-01
70080,2.37E-01
70140,2.35E-01
70200,2.34E-01
70260,2.31E-01
70320,2.29E-01
70380,2.27E-01
70440,2.25E-01
70500,2.23E-01
70560,2.21E-01
70620,2.19E-01
70680,2.17E-01
70740,2.15E-01
70800,2.13E-01
70860,2.12E-01
70920,2.10E-01
70980,2.08E-01
71040,2.06E-01
71100,2.04E-01
71160,2.02E-01
71220,2.01E-01
71280,1.99E-01
71340,1.97E-01
71400,1.95E-01
71460,1.93E-01
71520,1.91E-01
71580,1.90E-01
71640,1.88E-01
71700,1.86E-01
71760,1.84E-01
71820,1.81E-01
71880,1.79E-01
71940,1.77E-01
72000,1.76E-01
72060,1.74E-01
72120,1.72E-01
72180,1.70E-01
72240,1.68E-01
72300,1.66E-01
72360,1.64E-01
72420,1.62E-01
72480,1.60E-01
72540,1.59E-01
72600,1.57E-01
72660,1.55E-01
72720,1.53E-01
72780,1.51E-01
72840,1.50E-01
72900,1.48E-01
72960,1.46E-01
73020,1.44E-01
73080,1.43E-01
73140,1.41E-01
73200,1.39E-01
73260,1.37E-01
73320,1.35E-01
73380,1.33E-01
73440,1.32E-01
73500,1.30E-01
73560,1.28E-01
73620,1.26E-01
73680,1.24E-01
73740,1.22E-01
73800,1.20E-01
73860,1.18E-01
73920,1.16E-01
73980,1.14E-01
74040,1.12E-01
74100,1.10E-01
74160,1.08E-01
74220,1.06E-01
74280,1.03E-01
74340,1.01E-01
74400,9.89E-02
74460,9.68E-02
74520,9.48E-02
74580,9.22E-02
74640,8.61E-02
74700,4.57E-02
74760,2.96E-02
74820,1.68E-02
74880,1.00E-02
74940,5.30E-03
75000,5.00E-03
75060,5.00E-03
75120,5.00E-03
75180,5.00E-03
75240,5.00E-03
75300,5.00E-03
75360,5.00E-03
75420,5.00E-03
75480,5.00E-03
75540,5.00E-03
75600,5.00E-03
75660,5.00E-03
75720,5.00E-03
75780,5.00E-03
75840,5.00E-03
75900,5.00E-03
75960,5.00E-03
76020,5.00E-03
76080,5.00E-03
76140,5.00E-03
76200,5.00E-03
76260,5.00E-03
76320,5.00E-03
76380,5.00E-03
76440,5.00E-03
76500,5.00E-03
76560,5.00E-03
76620,5.00E-03
76680,5.00E-03
76740,5.00E-03
76800,5.00E-03
76860,5.00E-03
76920,5.00E-03
76980,5.10E-03
77040,5.10E-03
77100,5.30E-03
77160,5.30E-03
77220,5.50E-03
77280,5.20E-03
77340,5.10E-03
77400,5.10E-03
77460,5.20E-03
77520,5.10E-03
77580,5.30E-03
77640,5.00E-03
77700,5.50E-03
77760,5.20E-03
77820,5.00E-03
77880,5.50E-03
77940,5.20E-03
78000,5.30E-03
78060,5.30E-03
78120,5.20E-03
78180,5.30E-03
78240,5.20E-03
78300,5.50E-03
78360,2.15E-02
78420,6.10E-02
78480,6.02E-02
78540,6.07E-02
78600,6.53E-02
78660,7.00E-02
78720,7.54E-02
78780,8.22E-02
78840,9.18E-02
78900,9.84E-02
78960,1.06E-01
79020,1.13E-01
79080,1.19E-01
79140,1.25E-01
79200,1.31E-01
79260,1.37E-01
79320,1.43E-01
79380,1.49E-01
79440,1.54E-01
79500,1.60E-01
79560,1.65E-01
79620,1.71E-01
79680,1.76E-01
79740,1.82E-01
79800,1.87E-01
79860,1.93E-01
79920,1.98E-01
79980,2.04E-01
80040,2.09E-01
80100,2.15E-01
80160,2.21E-01
80220,2.26E-01
80280,2.33E-01
80340,2.38E-01
80400,2.44E-01
80460,2.50E-01
80520,2.55E-01
80580,2.58E-01
80640,2.60E-01
80700,2.60E-01
80760,2.60E-01
80820,2.60E-01
80880,2.60E-01
80940,2.59E-01
81000,2.60E-01
81060,2.59E-01
81120,2.59E-01
81180,2.59E-01
81240,2.60E-01
81300,2.60E-01
81360,2.60E-01
81420,2.61E-01
81480,2.60E-01
81540,2.61E-01
81600,2.61E-01
81660,2.60E-01
81720,2.61E-01
81780,2.60E-01
81840,2.60E-01
81900,2.60E-01
81960,2.56E-01
82020,2.52E-01
82080,2.50E-01
82140,2.47E-01
82200,2.45E-01
82260,2.43E-01
82320,2.41E-01
82380,2.38E-01
82440,2.36E-01
82500,2.34E-01
82560,2.32E-01
82620,2.29E-01
82680,2.27E-01
82740,2.24E-01
82800,2.22E-01
82860,2.20E-01
82920,2.18E-01
82980,2.16E-01
83040,2.14E-01
83100,2.11E-01
83160,2.09E-01
83220,2.07E-01
83280,2.05E-01
83340,2.03E-01
83400,2.01E-01
83460,1.99E-01
83520,1.96E-01
83580,1.94E-01
83640,1.92E-01
83700,1.90E-01
83760,1.88E-01
83820,1.85E-01
83880,1.83E-01
83940,1.82E-01
84000,1.79E-01
84060,1.77E-01
84120,1.75E-01
84180,1.73E-01
84240,1.71E-01
84300,1.69E-01
84360,1.66E-01
84420,1.64E-01
84480,1.62E-01
84540,1.60E-01
84600,1.58E-01
84660,1.56E-01
84720,1.54E-01
84780,1.52E-01
84840,1.50E-01
84900,1.48E-01
84960,1.46E-01
85020,1.44E-01
85080,1.42E-01
85140,1.40E-01
85200,1.38E-01
85260,1.36E-01
85320,1.34E-01
85380,1.32E-01
85440,1.31E-01
85500,1.29E-01
85560,1.27E-01
85620,1.25E-01
85680,1.23E-01
85740,1.21E-01
85800,1.18E-01
85860,1.17E-01
85920,1.15E-01
85980,1.12E-01
86040,1.11E-01
86100,1.09E-01
86160,1.07E-01
86220,1.05E-01
86280,1.03E-01
86340,1.01E-01
86400,9.87E-02
86460,9.69E-02
86520,9.47E-02
86580,9.30E-02
86640,9.09E-02
86700,8.90E-02
86760,8.68E-02
86820,8.49E-02
86880,8.32E-02
86940,8.12E-02
87000,7.93E-02
87060,7.74E-02
87120,5.54E-02
87180,2.08E-02
87240,5.30E-03
87300,5.00E-03
87360,5.00E-03
87420,5.00E-03
87480,5.00E-03
87540,5.00E-03
87600,5.00E-03
87660,5.00E-03
87720,5.00E-03
87780,5.00E-03
87840,5.00E-03
87900,5.00E-03
87960,5.00E-03
88020,5.00E-03
88080,5.00E-03
88140,5.00E-03
88200,5.00E-03
88260,5.00E-03
88320,5.00E-03
88380,5.00E-03
88440,5.00E-03
88500,5.00E-03
88560,5.00E-03
88620,5.00E-03
88680,5.00E-03
88740,5.00E-03
88800,5.00E-03
88860,5.00E-03
88920,5.00E-03
88980,5.00E-03
89040,5.00E-03
89100,5.00E-03
89160,5.00E-03
89220,5.00E-03
89280,5.00E-03
89340,5.00E-03
89400,5.00E-03
89460,5.00E-03
89520,5.10E-03
89580,5.00E-03
89640,5.00E-03
89700,5.10E-03
89760,5.00E-03
89820,5.00E-03
89880,5.10E-03
89940,5.00E-03
90000,5.00E-03
90060,5.00E-03
90120,5.30E-03
90180,5.10E-03
90240,5.10E-03
90300,5.00E-03
90360,5.00E-03
90420,5.00E-03
90480,5.10E-03
90540,5.30E-03
90600,5.00E-03
90660,5.10E-03
90720,5.10E-03
90780,5.00E-03
90840,5.00E-03
90900,5.00E-03
90960,3.28E-02
91020,6.76E-02
91080,6.57E-02
91140,6.63E-02
91200,7.01E-02
91260,7.32E-02
91320,7.72E-02
91380,8.21E-02
91440,8.96E-02
91500,9.80E-02
91560,1.05E-01
91620,1.12E-01
91680,1.18E-01
91740,1.24E-01
91800,1.30E-01
91860,1.36E-01
91920,1.42E-01
91980,1.47E-01
92040,1.52E-01
92100,1.58E-01
92160,1.63E-01
92220,1.68E-01
92280,1.74E-01
92340,1.79E-01
92400,1.85E-01
92460,1.90E-01
92520,1.96E-01
92580,2.01E-01
92640,2.07E-01
92700,2.13E-01
92760,2.18E-01
92820,2.25E-01
92880,2.30E-01
92940,2.37E-01
93000,2.42E-01
93060,2.48E-01
93120,2.53E-01
93180,2.54E-01
93240,2.55E-01
93300,2.55E-01
93360,2.55E-01
93420,2.56E-01
93480,2.55E-01
93540,2.56E-01
93600,2.56E-01
93660,2.56E-01
93720,2.56E-01
93780,2.56E-01
93840,2.56E-01
93900,2.56E-01
93960,2.56E-01
94020,2.56E-01
94080,2.56E-01
94140,2.57E-01
94200,2.57E-01
94260,2.57E-01
94320,2.57E-01
94380,2.57E-01
94440,2.57E-01
94500,2.57E-01
94560,2.53E-01
94620,2.49E-01
94680,2.47E-01
94740,2.45E-01
94800,2.43E-01
94860,2.40E-01
94920,2.38E-01
94980,2.36E-01
95040,2.34E-01
95100,2.32E-01
95160,2.29E-01
95220,2.27E-01
95280,2.25E-01
95340,2.23E-01
95400,2.20E-01
95460,2.18E-01
95520,2.16E-01
95580,2.14E-01
95640,2.11E-01
95700,2.09E-01
95760,2.07E-01
95820,2.05E-01
95880,2.03E-01
95940,2.00E-01
96000,1.99E-01
96060,1.96E-01
96120,1.94E-01
96180,1.92E-01
96240,1.90E-01
96300,1.88E-01
96360,1.86E-01
96420,1.84E-01
96480,1.82E-01
96540,1.80E-01
96600,1.77E-01
96660,1.75E-01
96720,1.73E-01
96780,1.71E-01
96840,1.69E-01
96900,1.67E-01
96960,1.65E-01
97020,1.63E-01
97080,1.61E-01
97140,1.59E-01
97200,1.57E-01
97260,1.55E-01
97320,1.53E-01
97380,1.51E-01
97440,1.49E-01
97500,1.48E-01
97560,1.46E-01
97620,1.44E-01
97680,1.42E-01
97740,1.40E-01
97800,1.38E-01
97860,1.36E-01
97920,1.34E-01
97980,1.33E-01
98040,1.31E-01
98100,1.29E-01
98160,1.27E-01
98220,1.26E-01
98280,1.24E-01
98340,1.21E-01
98400,1.19E-01
98460,1.18E-01
98520,1.16E-01
98580,1.14E-01
98640,1.12E-01
98700,1.10E-01
98760,1.08E-01
98820,1.06E-01
98880,1.04E-01
98940,1.03E-01
99000,1.01E-01
99060,9.85E-02
99120,9.68E-02
99180,9.47E-02
99240,9.25E-02
99300,9.08E-02
99360,8.92E-02
99420,8.68E-02
99480,8.49E-02
99540,8.29E-02
99600,8.10E-02
99660,7.93E-02
99720,7.41E-02
99780,2.91E-02
99840,1.17E-02
99900,5.00E-03
99960,5.00E-03
100020,5.00E-03
100080,5.00E-03
100140,5.00E-03
100200,5.00E-03
100260,5.00E-03
100320,5.00E-03
100380,5.00E-03
100440,5.00E-03
100500,5.00E-03
100560,5.00E-03
100620,5.00E-03
100680,5.00E-03
100740,5.00E-03
100800,5.00E-03
100860,5.00E-03
100920,5.00E-03
100980,5.00E-03
101040,5.00E-03
101100,5.00E-03
101160,5.00E-03
101220,5.00E-03
101280,5.00E-03
101340,5.00E-03
101400,5.00E-03
101460,5.00E-03
101520,5.00E-03
101580,5.00E-03
101640,5.00E-03
101700,5.00E-03
101760,5.00E-03
101820,5.00E-03
101880,5.00E-03
101940,5.00E-03
102000,5.00E-03
102060,5.00E-03
102120,5.00E-03
102180,5.00E-03
102240,5.00E-03
102300,5.00E-03
102360,5.00E-03
102420,5.00E-03
102480,5.00E-03
102540,5.00E-03
102600,5.00E-03
102660,5.00E-03
102720,5.00E-03
102780,5.00E-03
102840,5.00E-03
102900,5.00E-03
102960,5.00E-03
103020,5.00E-03
103080,5.00E-03
103140,5.00E-03
103200,5.00E-03
103260,5.00E-03
103320,5.00E-03
103380,5.00E-03
103440,5.00E-03
103500,5.00E-03
103560,5.00E-03
103620,5.62E-02
103680,7.42E-02
103740,8.08E-02
103800,8.66E-02
103860,9.06E-02
103920,9.44E-02
103980,9.79E-02
104040,1.01E-01
104100,1.06E-01
104160,1.09E-01
104220,1.14E-01
104280,1.18E-01
104340,1.23E-01
104400,1.28E-01
104460,1.33E-01
104520,1.41E-01
104580,1.49E-01
104640,1.56E-01
104700,1.64E-01
104760,1.70E-01
104820,1.76E-01
104880,1.82E-01
104940,1.87E-01
105000,2.04E-01
105060,2.09E-01
105120,2.33E-01
105180,2.36E-01
105240,2.41E-01
105300,2.47E-01
105360,2.52E-01
105420,2.58E-01
105480,2.61E-01
105540,2.62E-01
105600,2.63E-01
105660,2.64E-01
105720,2.65E-01
105780,2.65E-01
105840,2.65E-01
105900,2.65E-01
105960,2.66E-01
106020,2.66E-01
106080,2.66E-01
106140,2.66E-01
106200,2.67E-01
106260,2.67E-01
106320,2.67E-01
106380,2.67E-01
106440,2.67E-01
106500,2.67E-01
106560,2.67E-01
106620,2.68E-01
106680,2.68E-01
106740,2.68E-01
106800,2.68E-01
106860,2.67E-01
106920,2.62E-01
106980,2.60E-01
107040,2.58E-01
107100,2.56E-01
107160,2.54E-01
107220,2.52E-01
107280,2.50E-01
107340,2.48E-01
107400,2.46E-01
107460,2.45E-01
107520,2.42E-01
107580,2.41E-01
107640,2.39E-01
107700,2.37E-01
107760,2.35E-01
107820,2.33E-01
107880,2.31E-01
107940,2.29E-01
108000,2.27E-01
108060,2.26E-01
108120,2.24E-01
108180,2.22E-01
108240,2.21E-01
108300,2.19E-01
108360,2.17E-01
108420,2.15E-01
108480,2.14E-01
108540,2.12E-01
108600,2.09E-01
108660,2.08E-01
108720,2.06E-01
108780,2.04E-01
108840,2.03E-01
108900,2.01E-01
108960,1.99E-01
109020,1.97E-01
109080,1.96E-01
109140,1.94E-01
109200,1.92E-01
109260,1.91E-01
109320,1.89E-01
109380,1.87E-01
109440,1.85E-01
109500,1.83E-01
109560,1.82E-01
109620,1.80E-01
109680,1.78E-01
109740,1.76E-01
109800,1.75E-01
109860,1.73E-01
109920,1.71E-01
109980,1.70E-01
110040,1.68E-01
110100,1.66E-01
110160,1.65E-01
110220,1.64E-01
110280,1.63E-01
110340,1.61E-01
110400,1.60E-01
110460,1.58E-01
110520,1.57E-01
110580,1.55E-01
110640,1.53E-01
110700,1.52E-01
110760,1.50E-01
110820,1.49E-01
110880,1.47E-01
110940,1.45E-01
111000,1.43E-01
111060,1.42E-01
111120,1.39E-01
111180,1.37E-01
111240,1.36E-01
111300,1.33E-01
111360,1.32E-01
111420,1.30E-01
111480,1.28E-01
111540,1.26E-01
111600,1.25E-01
111660,1.24E-01
111720,1.22E-01
111780,1.21E-01
111840,1.19E-01
111900,1.18E-01
111960,1.16E-01
112020,1.15E-01
112080,1.13E-01
112140,1.03E-01
112200,6.73E-02
112260,5.19E-02
112320,5.00E-03
112380,5.10E-03
112440,5.00E-03
112500,5.10E-03
112560,5.00E-03
112620,5.20E-03
112680,5.00E-03
112740,5.10E-03
112800,5.00E-03
112860,5.10E-03
112920,5.00E-03
112980,5.00E-03
113040,5.10E-03
113100,5.00E-03
113160,5.20E-03
113220,5.10E-03
113280,5.20E-03
113340,5.10E-03
113400,5.00E-03
113460,5.00E-03
113520,5.00E-03
113580,5.10E-03
113640,5.00E-03
113700,5.00E-03
113760,5.00E-03
113820,5.00E-03
113880,5.10E-03
113940,5.00E-03
114000,5.00E-03
114060,5.00E-03
114120,5.00E-03
114180,5.00E-03
114240,5.00E-03
114300,5.00E-03
114360,5.00E-03
114420,5.10E-03
114480,5.00E-03
114540,5.10E-03
114600,5.00E-03
114660,5.00E-03
114720,5.20E-03
114780,5.00E-03
114840,5.00E-03
114900,5.00E-03
114960,5.00E-03
115020,5.00E-03
115080,5.00E-03
115140,5.00E-03
115200,5.00E-03
115260,5.10E-03
115320,5.10E-03
115380,5.00E-03
115440,5.10E-03
115500,5.00E-03
115560,5.00E-03
115620,5.00E-03
115680,5.20E-03
115740,5.00E-03
115800,5.20E-03
115860,5.00E-03
115920,5.10E-03
115980,5.10E-03
116040,5.00E-03
116100,5.10E-03
116160,5.00E-03
116220,5.10E-03
116280,5.00E-03
116340,5.10E-03
116400,5.00E-03
116460,5.00E-03
116520,5.00E-03
116580,5.20E-03
116640,5.10E-03
116700,5.00E-03
116760,5.00E-03
116820,5.20E-03
116880,5.00E-03
116940,5.10E-03
117000,5.20E-03
117060,5.00E-03
117120,5.00E-03
117180,5.00E-03
117240,5.20E-03
117300,5.00E-03
117360,5.10E-03
117420,5.10E-03
117480,5.10E-03
117540,5.00E-03
117600,5.00E-03
117660,5.20E-03
117720,5.00E-03
117780,5.20E-03
117840,5.10E-03
117900,5.30E-03
117960,5.00E-03
118020,5.00E-03
118080,5.00E-03
118140,5.00E-03
118200,5.10E-03
118260,5.00E-03
118320,5.20E-03
118380,5.10E-03
118440,5.10E-03
118500,5.00E-03
118560,5.00E-03
118620,5.00E-03
118680,5.00E-03
118740,5.00E-03
118800,5.10E-03
118860,5.00E-03
118920,5.00E-03
118980,5.00E-03
119040,5.20E-03
119100,5.20E-03
119160,5.00E-03
119220,5.00E-03
119280,5.10E-03
119340,5.10E-03
119400,5.30E-03
119460,5.00E-03
119520,5.20E-03
119580,5.00E-03
119640,5.00E-03
119700,5.20E-03
119760,5.00E-03
119820,5.10E-03
119880,5.00E-03
119940,5.10E-03
120000,5.10E-03
120060,5.10E-03
120120,5.20E-03
120180,5.10E-03
120240,5.00E-03
120300,5.10E-03
120360,5.00E-03
120420,5.20E-03
120480,5.20E-03
120540,5.00E-03
120600,5.10E-03
120660,5.10E-03
120720,5.10E-03
120780,5.10E-03
120840,5.00E-03
120900,5.50E-03
120960,5.20E-03
121020,5.10E-03
121080,5.20E-03
121140,5.10E-03
121200,5.00E-03
121260,5.30E-03
121320,5.47E-02
121380,7.57E-02
121440,8.41E-02
121500,8.78E-02
121560,8.90E-02
121620,8.96E-02
121680,9.18E-02
121740,9.47E-02
121800,9.81E-02
121860,1.02E-01
121920,1.06E-01
121980,1.10E-01
122040,1.16E-01
122100,1.25E-01
122160,1.33E-01
122220,1.40E-01
122280,1.48E-01
122340,1.55E-01
122400,1.61E-01
122460,1.68E-01
122520,1.74E-01
122580,1.80E-01
122640,1.86E-01
122700,1.92E-01
122760,1.97E-01
122820,2.03E-01
122880,2.08E-01
122940,2.14E-01
123000,2.19E-01
123060,2.25E-01
123120,2.30E-01
123180,2.35E-01
123240,2.41E-01
123300,2.47E-01
123360,2.52E-01
123420,2.57E-01
123480,2.60E-01
123540,2.61E-01
123600,2.61E-01
123660,2.61E-01
123720,2.61E-01
123780,2.61E-01
123840,2.61E-01
123900,2.62E-01
123960,2.61E-01
124020,2.61E-01
124080,2.62E-01
124140,2.62E-01
124200,2.62E-01
124260,2.63E-01
124320,2.63E-01
124380,2.63E-01
124440,2.63E-01
124500,2.62E-01
124560,2.63E-01
124620,2.62E-01
124680,2.62E-01
124740,2.63E-01
124800,2.62E-01
124860,2.62E-01
124920,2.57E-01
124980,2.55E-01
125040,2.52E-01
125100,2.50E-01
125160,2.48E-01
125220,2.46E-01
125280,2.44E-01
125340,2.42E-01
125400,2.40E-01
125460,2.38E-01
125520,2.36E-01
125580,2.34E-01
125640,2.31E-01
125700,2.30E-01
125760,2.28E-01
125820,2.25E-01
125880,2.24E-01
125940,2.21E-01
126000,2.20E-01
126060,2.18E-01
126120,2.16E-01
126180,2.14E-01
126240,2.12E-01
126300,2.10E-01
126360,2.08E-01
126420,2.06E-01
126480,2.04E-01
126540,2.02E-01
126600,2.00E-01
126660,1.98E-01
126720,1.96E-01
126780,1.94E-01
126840,1.92E-01
126900,1.91E-01
126960,1.88E-01
127020,1.86E-01
127080,1.84E-01
127140,1.83E-01
127200,1.81E-01
127260,1.79E-01
127320,1.78E-01
127380,1.75E-01
127440,1.74E-01
127500,1.72E-01
127560,1.69E-01
127620,1.68E-01
127680,1.66E-01
127740,1.64E-01
127800,1.62E-01
127860,1.60E-01
127920,1.58E-01
127980,1.56E-01
128040,1.55E-01
128100,1.53E-01
128160,1.51E-01
128220,1.49E-01
128280,1.47E-01
128340,1.45E-01
128400,1.43E-01
128460,1.41E-01
128520,1.39E-01
128580,1.38E-01
128640,1.36E-01
128700,1.34E-01
128760,1.32E-01
128820,1.30E-01
128880,1.28E-01
128940,1.26E-01
129000,1.24E-01
129060,1.22E-01
129120,1.20E-01
129180,1.18E-01
129240,1.16E-01
129300,1.14E-01
129360,1.12E-01
129420,1.11E-01
129480,1.08E-01
129540,1.06E-01
129600,1.05E-01
129660,1.03E-01
129720,1.01E-01
129780,9.85E-02
129840,9.63E-02
129900,9.43E-02
129960,9.17E-02
130020,8.94E-02
130080,8.68E-02
130140,6.18E-02
130200,3.31E-02
130260,1.87E-02
130320,7.10E-03
130380,5.00E-03
130440,5.00E-03
130500,5.00E-03
130560,5.00E-03
130620,5.00E-03
130680,5.00E-03
130740,5.00E-03
130800,5.00E-03
130860,5.00E-03
130920,5.00E-03
130980,5.00E-03
131040,5.00E-03
131100,5.00E-03
131160,5.00E-03
131220,5.00E-03
131280,5.10E-03
131340,5.00E-03
131400,5.10E-03
131460,5.10E-03
131520,5.00E-03
131580,5.20E-03
131640,5.00E-03
131700,5.00E-03
131760,5.00E-03
131820,5.10E-03
131880,5.00E-03
131940,5.00E-03
132000,5.00E-03
132060,5.10E-03
132120,5.00E-03
132180,5.10E-03
132240,5.00E-03
132300,5.00E-03
132360,5.00E-03
132420,5.00E-03
132480,5.00E-03
132540,5.00E-03
132600,5.00E-03
132660,5.00E-03
132720,5.00E-03
132780,5.00E-03
132840,5.00E-03
132900,5.00E-03
132960,5.10E-03
133020,5.00E-03
133080,5.00E-03
133140,5.00E-03
133200,5.00E-03
133260,5.10E-03
133320,5.00E-03
133380,5.00E-03
133440,5.00E-03
133500,5.00E-03
133560,5.00E-03
133620,5.00E-03
133680,5.00E-03
133740,5.00E-03
133800,5.00E-03
133860,5.00E-03
133920,5.00E-03
133980,5.10E-03
134040,5.00E-03
134100,5.10E-03
134160,5.00E-03
134220,5.00E-03
134280,5.00E-03
134340,5.00E-03
134400,5.00E-03
134460,5.00E-03
134520,5.00E-03
134580,5.10E-03
134640,5.00E-03
134700,5.00E-03
134760,5.00E-03
134820,5.00E-03
134880,5.00E-03
134940,5.00E-03
135000,5.00E-03
135060,5.00E-03
135120,5.00E-03
135180,5.00E-03
135240,5.10E-03
135300,5.00E-03
135360,5.00E-03
135420,5.00E-03
135480,5.00E-03
135540,5.00E-03
135600,5.00E-03
135660,5.00E-03
135720,5.00E-03
135780,5.00E-03
135840,5.00E-03
135900,5.00E-03
135960,5.10E-03
136020,5.00E-03
136080,5.00E-03
136140,5.00E-03
136200,5.10E-03
136260,5.00E-03
136320,5.20E-03
136380,5.00E-03
136440,5.00E-03
136500,5.00E-03
136560,5.00E-03
136620,5.00E-03
136680,5.00E-03
136740,5.00E-03
136800,5.00E-03
136860,5.00E-03
136920,5.00E-03
136980,5.00E-03
137040,5.00E-03
137100,5.00E-03
137160,5.00E-03
137220,5.00E-03
137280,5.10E-03
137340,5.00E-03
137400,5.00E-03
137460,5.00E-03
137520,5.00E-03
137580,5.00E-03
137640,5.00E-03
137700,5.00E-03
137760,5.00E-03
137820,5.00E-03
137880,5.00E-03
137940,5.00E-03
138000,5.10E-03
138060,5.00E-03
138120,5.00E-03
138180,5.00E-03
138240,5.00E-03
138300,5.00E-03
138360,5.10E-03
138420,5.10E-03
138480,5.00E-03
138540,5.00E-03
138600,5.00E-03
138660,5.10E-03
138720,5.10E-03
138780,5.10E-03
138840,5.10E-03
138900,5.00E-03
138960,5.00E-03
139020,5.00E-03
139080,5.00E-03
139140,5.00E-03
139200,5.00E-03
139260,5.10E-03
139320,5.31E-02
139380,7.24E-02
139440,8.08E-02
139500,8.60E-02
139560,8.93E-02
139620,9.17E-02
139680,9.44E-02
139740,9.79E-02
139800,1.02E-01
139860,1.05E-01
139920,1.09E-01
139980,1.13E-01
140040,1.17E-01
140100,1.22E-01
140160,1.31E-01
140220,1.39E-01
140280,1.46E-01
140340,1.54E-01
140400,1.61E-01
140460,1.68E-01
140520,1.74E-01
140580,1.81E-01
140640,1.86E-01
140700,1.92E-01
140760,1.98E-01
140820,2.03E-01
140880,2.09E-01
140940,2.14E-01
141000,2.20E-01
141060,2.26E-01
141120,2.31E-01
141180,2.36E-01
141240,2.42E-01
141300,2.47E-01
141360,2.52E-01
141420,2.57E-01
141480,2.59E-01
141540,2.59E-01
141600,2.60E-01
141660,2.60E-01
141720,2.61E-01
141780,2.61E-01
141840,2.62E-01
141900,2.62E-01
141960,2.62E-01
142020,2.63E-01
142080,2.63E-01
142140,2.63E-01
142200,2.63E-01
142260,2.63E-01
142320,2.63E-01
142380,2.63E-01
142440,2.64E-01
142500,2.63E-01
142560,2.63E-01
142620,2.64E-01
142680,2.64E-01
142740,2.63E-01
142800,2.63E-01
142860,2.62E-01
142920,2.58E-01
142980,2.55E-01
143040,2.54E-01
143100,2.52E-01
143160,2.50E-01
143220,2.47E-01
143280,2.46E-01
143340,2.44E-01
143400,2.42E-01
143460,2.40E-01
143520,2.38E-01
143580,2.36E-01
143640,2.34E-01
143700,2.33E-01
143760,2.30E-01
143820,2.29E-01
143880,2.27E-01
143940,2.25E-01
144000,2.23E-01
144060,2.21E-01
144120,2.19E-01
144180,2.17E-01
144240,2.15E-01
144300,2.13E-01
144360,2.11E-01
144420,2.09E-01
144480,2.07E-01
144540,2.05E-01
144600,2.03E-01
144660,2.02E-01
144720,2.00E-01
144780,1.98E-01
144840,1.96E-01
144900,1.95E-01
144960,1.92E-01
145020,1.91E-01
145080,1.89E-01
145140,1.87E-01
145200,1.86E-01
145260,1.84E-01
145320,1.82E-01
145380,1.80E-01
145440,1.78E-01
145500,1.76E-01
145560,1.74E-01
145620,1.73E-01
145680,1.71E-01
145740,1.69E-01
145800,1.67E-01
145860,1.65E-01
145920,1.63E-01
145980,1.61E-01
146040,1.59E-01
146100,1.58E-01
146160,1.56E-01
146220,1.54E-01
146280,1.52E-01
146340,1.51E-01
146400,1.49E-01
146460,1.47E-01
146520,1.45E-01
146580,1.43E-01
146640,1.42E-01
146700,1.40E-01
146760,1.38E-01
146820,1.36E-01
146880,1.35E-01
146940,1.33E-01
147000,1.31E-01
147060,1.29E-01
147120,1.27E-01
147180,1.25E-01
147240,1.23E-01
147300,1.22E-01
147360,1.20E-01
147420,1.18E-01
147480,1.16E-01
147540,1.14E-01
147600,1.12E-01
147660,1.10E-01
147720,1.08E-01
147780,1.06E-01
147840,1.04E-01
147900,1.02E-01
147960,9.92E-02
148020,9.73E-02
148080,9.48E-02
148140,9.26E-02
148200,9.02E-02
148260,7.70E-02
148320,4.23E-02
148380,2.67E-02
148440,1.52E-02
148500,9.70E-03
148560,6.30E-03
148620,5.00E-03
148680,5.00E-03
148740,5.00E-03
148800,5.00E-03
148860,5.00E-03
148920,5.00E-03
148980,5.00E-03
149040,5.00E-03
149100,5.00E-03
149160,5.00E-03
149220,5.00E-03
149280,5.00E-03
149340,5.00E-03
149400,5.00E-03
149460,5.00E-03
149520,5.00E-03
149580,5.00E-03
149640,5.10E-03
149700,5.00E-03
149760,5.10E-03
149820,5.10E-03
149880,5.30E-03
149940,5.00E-03
150000,5.00E-03
150060,5.00E-03
150120,5.00E-03
150180,5.00E-03
150240,5.00E-03
150300,5.00E-03
150360,5.00E-03
150420,5.00E-03
150480,5.10E-03
150540,5.00E-03
150600,5.00E-03
150660,5.00E-03
150720,5.00E-03
150780,5.00E-03
150840,5.00E-03
150900,5.00E-03
150960,5.00E-03
151020,5.00E-03
151080,5.00E-03
151140,5.00E-03
151200,5.00E-03
151260,5.00E-03
151320,5.00E-03
151380,5.00E-03
151440,5.00E-03
151500,5.00E-03
151560,5.00E-03
151620,5.00E-03
151680,5.00E-03
151740,5.00E-03
151800,5.00E-03
151860,5.00E-03
151920,5.00E-03
151980,5.00E-03
152040,5.00E-03
152100,5.00E-03
152160,5.00E-03
152220,5.00E-03
152280,5.00E-03
152340,5.00E-03
152400,5.00E-03
152460,5.00E-03
152520,5.00E-03
152580,5.00E-03
152640,5.00E-03
152700,5.00E-03
152760,5.00E-03
152820,5.00E-03
152880,5.00E-03
152940,5.10E-03
153000,5.00E-03
153060,5.00E-03
153120,5.00E-03
153180,5.00E-03
153240,5.00E-03
153300,5.00E-03
153360,5.00E-03
153420,5.00E-03
153480,5.00E-03
153540,5.00E-03
153600,5.00E-03
153660,5.00E-03
153720,5.10E-03
153780,5.00E-03
153840,5.00E-03
153900,5.10E-03
153960,5.00E-03
154020,5.00E-03
154080,5.00E-03
154140,5.00E-03
154200,5.10E-03
154260,5.00E-03
154320,5.00E-03
154380,5.00E-03
154440,5.00E-03
154500,5.00E-03
154560,5.00E-03
154620,5.00E-03
154680,5.00E-03
154740,5.00E-03
154800,5.00E-03
154860,5.00E-03
154920,5.00E-03
154980,5.00E-03
155040,5.00E-03
155100,5.10E-03
155160,5.00E-03
155220,5.00E-03
155280,5.00E-03
155340,5.00E-03
155400,5.00E-03
155460,5.00E-03
155520,5.00E-03
155580,5.00E-03
155640,5.00E-03
155700,5.00E-03
155760,5.00E-03
155820,5.00E-03
155880,5.00E-03
155940,5.00E-03
156000,5.00E-03
156060,5.20E-03
156120,5.00E-03
156180,5.00E-03
156240,5.00E-03
156300,5.00E-03
156360,5.00E-03
156420,5.10E-03
156480,5.00E-03
156540,5.00E-03
156600,5.20E-03
156660,5.10E-03
156720,5.00E-03
156780,5.10E-03
156840,5.10E-03
156900,5.00E-03
156960,5.00E-03
157020,5.10E-03
157080,5.00E-03
157140,5.00E-03
157200,5.00E-03
157260,5.60E-03
157320,5.99E-02
157380,7.65E-02
157440,8.61E-02
157500,9.20E-02
157560,9.57E-02
157620,9.84E-02
157680,1.01E-01
157740,1.04E-01
157800,1.07E-01
157860,1.11E-01
157920,1.14E-01
157980,1.18E-01
158040,1.22E-01
158100,1.26E-01
158160,1.31E-01
158220,1.36E-01
158280,1.44E-01
158340,1.52E-01
158400,1.59E-01
158460,1.66E-01
158520,1.74E-01
158580,1.81E-01
158640,1.87E-01
158700,1.93E-01
158760,1.99E-01
158820,2.05E-01
158880,2.11E-01
158940,2.16E-01
159000,2.22E-01
159060,2.27E-01
159120,2.33E-01
159180,2.37E-01
159240,2.42E-01
159300,2.46E-01
159360,2.52E-01
159420,2.55E-01
159480,2.57E-01
159540,2.57E-01
159600,2.57E-01
159660,2.56E-01
159720,2.56E-01
159780,2.56E-01
159840,2.55E-01
159900,2.55E-01
159960,2.55E-01
160020,2.55E-01
160080,2.54E-01
160140,2.54E-01
160200,2.54E-01
160260,2.54E-01
160320,2.54E-01
160380,2.54E-01
160440,2.55E-01
160500,2.55E-01
160560,2.55E-01
160620,2.54E-01
160680,2.54E-01
160740,2.54E-01
160800,2.54E-01
160860,2.53E-01
160920,2.48E-01
160980,2.46E-01
161040,2.44E-01
161100,2.41E-01
161160,2.40E-01
161220,2.38E-01
161280,2.35E-01
161340,2.33E-01
161400,2.31E-01
161460,2.29E-01
161520,2.27E-01
161580,2.26E-01
161640,2.24E-01
161700,2.21E-01
161760,2.19E-01
161820,2.17E-01
161880,2.15E-01
161940,2.13E-01
162000,2.11E-01
162060,2.10E-01
162120,2.08E-01
162180,2.06E-01
162240,2.04E-01
162300,2.02E-01
162360,2.00E-01
162420,1.98E-01
162480,1.96E-01
162540,1.94E-01
162600,1.92E-01
162660,1.90E-01
162720,1.88E-01
162780,1.86E-01
162840,1.84E-01
162900,1.82E-01
162960,1.81E-01
163020,1.79E-01
163080,1.77E-01
163140,1.75E-01
163200,1.73E-01
163260,1.71E-01
163320,1.69E-01
163380,1.67E-01
163440,1.66E-01
163500,1.64E-01
163560,1.62E-01
163620,1.61E-01
163680,1.59E-01
163740,1.57E-01
163800,1.55E-01
163860,1.53E-01
163920,1.51E-01
163980,1.49E-01
164040,1.48E-01
164100,1.46E-01
164160,1.44E-01
164220,1.42E-01
164280,1.40E-01
164340,1.39E-01
164400,1.37E-01
164460,1.35E-01
164520,1.33E-01
164580,1.31E-01
164640,1.29E-01
164700,1.28E-01
164760,1.26E-01
164820,1.24E-01
164880,1.22E-01
164940,1.20E-01
165000,1.18E-01
165060,1.17E-01
165120,1.14E-01
165180,1.13E-01
165240,1.11E-01
165300,1.08E-01
165360,1.06E-01
165420,1.05E-01
165480,1.03E-01
165540,1.01E-01
165600,9.85E-02
165660,9.65E-02
165720,9.47E-02
165780,9.25E-02
165840,9.02E-02
165900,8.81E-02
165960,8.58E-02
166020,8.37E-02
166080,8.13E-02
166140,7.88E-02
166200,7.66E-02
166260,7.38E-02
166320,6.50E-02
166380,2.54E-02
166440,6.00E-03
166500,5.00E-03
166560,5.00E-03
166620,5.00E-03
166680,5.00E-03
166740,5.00E-03
166800,5.00E-03
166860,5.00E-03
166920,5.00E-03
166980,5.00E-03
167040,5.00E-03
167100,5.00E-03
167160,5.00E-03
167220,5.00E-03
167280,5.00E-03
167340,5.00E-03
167400,5.00E-03
167460,5.00E-03
167520,5.00E-03
167580,5.00E-03
167640,5.00E-03
167700,5.00E-03
167760,5.00E-03
167820,5.00E-03
167880,5.00E-03
167940,5.00E-03
168000,5.00E-03
168060,5.00E-03
168120,5.00E-03
168180,5.00E-03
168240,5.00E-03
168300,5.00E-03
168360,5.00E-03
168420,5.00E-03
168480,5.00E-03
168540,5.00E-03
168600,5.00E-03
168660,5.00E-03
168720,5.00E-03
168780,5.00E-03
168840,5.00E-03
168900,5.00E-03
168960,5.00E-03
169020,5.00E-03
169080,5.00E-03
169140,5.00E-03
169200,5.00E-03
169260,5.00E-03
169320,5.00E-03
169380,5.00E-03
169440,5.00E-03
169500,5.00E-03
169560,5.00E-03
169620,5.00E-03
169680,5.00E-03
169740,5.00E-03
169800,5.00E-03
169860,5.00E-03
169920,5.00E-03
169980,5.00E-03
170040,5.00E-03
170100,5.00E-03
170160,5.00E-03
170220,5.00E-03
170280,5.00E-03
170340,5.00E-03
170400,5.00E-03
170460,5.00E-03
170520,5.00E-03
170580,5.00E-03
170640,5.00E-03
170700,5.00E-03
170760,5.00E-03
170820,5.00E-03
170880,5.00E-03
170940,5.00E-03
171000,5.00E-03
171060,5.00E-03
171120,5.00E-03
171180,5.00E-03
171240,5.00E-03
171300,5.00E-03
171360,5.00E-03
171420,5.00E-03
171480,5.00E-03
171540,5.00E-03
171600,5.00E-03
171660,5.00E-03
171720,5.00E-03
171780,5.00E-03
171840,5.00E-03
171900,5.00E-03
171960,5.00E-03
172020,5.00E-03
172080,5.10E-03
172140,5.00E-03
172200,5.00E-03
172260,5.00E-03
172320,5.00E-03
172380,5.00E-03
172440,5.00E-03
172500,5.00E-03
172560,5.00E-03
172620,5.00E-03
172680,5.00E-03
172740,5.00E-03
172800,5.00E-03
172860,5.00E-03
172920,5.00E-03
172980,5.00E-03
173040,5.00E-03
173100,5.00E-03
173160,5.00E-03
173220,5.00E-03
173280,5.00E-03
173340,5.00E-03
173400,5.00E-03
173460,5.00E-03
173520,5.00E-03
173580,5.00E-03
173640,5.00E-03
173700,5.10E-03
173760,5.00E-03
173820,5.00E-03
173880,5.00E-03
173940,5.00E-03
174000,5.00E-03
174060,5.00E-03
174120,5.00E-03
174180,5.00E-03
174240,5.00E-03
174300,5.00E-03
174360,5.00E-03
174420,5.00E-03
174480,5.00E-03
174540,5.00E-03
174600,5.00E-03
174660,5.00E-03
174720,5.00E-03
174780,5.00E-03
174840,5.00E-03
174900,5.10E-03
174960,5.00E-03
175020,5.00E-03
175080,5.10E-03
175140,5.00E-03
175200,5.00E-03
175260,1.23E-02
175320,7.17E-02
175380,9.10E-02
175440,1.03E-01
175500,1.09E-01
175560,1.11E-01
175620,1.13E-01
175680,1.14E-01
175740,1.15E-01
175800,1.17E-01
175860,1.19E-01
175920,1.22E-01
175980,1.26E-01
176040,1.29E-01
176100,1.33E-01
176160,1.37E-01
176220,1.42E-01
176280,1.46E-01
176340,1.51E-01
176400,1.59E-01
176460,1.68E-01
176520,1.75E-01
176580,1.82E-01
176640,1.89E-01
176700,1.96E-01
176760,2.03E-01
176820,2.09E-01
176880,2.14E-01
176940,2.20E-01
177000,2.26E-01
177060,2.31E-01
177120,2.37E-01
177180,2.43E-01
177240,2.48E-01
177300,2.53E-01
177360,2.59E-01
177420,2.63E-01
177480,2.64E-01
177540,2.65E-01
177600,2.65E-01
177660,2.64E-01
177720,2.65E-01
177780,2.65E-01
177840,2.66E-01
177900,2.66E-01
177960,2.66E-01
178020,2.66E-01
178080,2.66E-01
178140,2.66E-01
178200,2.67E-01
178260,2.67E-01
178320,2.67E-01
178380,2.67E-01
178440,2.68E-01
178500,2.68E-01
178560,2.68E-01
178620,2.68E-01
178680,2.69E-01
178740,2.69E-01
178800,2.69E-01
178860,2.68E-01
178920,2.64E-01
178980,2.62E-01
179040,2.61E-01
179100,2.59E-01
179160,2.57E-01
179220,2.55E-01
179280,2.54E-01
179340,2.52E-01
179400,2.50E-01
179460,2.48E-01
179520,2.46E-01
179580,2.45E-01
179640,2.43E-01
179700,2.41E-01
179760,2.40E-01
179820,2.38E-01
179880,2.36E-01
179940,2.34E-01
180000,2.33E-01
180060,2.31E-01
180120,2.30E-01
180180,2.28E-01
180240,2.26E-01
180300,2.25E-01
180360,2.23E-01
180420,2.21E-01
180480,2.20E-01
180540,2.18E-01
180600,2.16E-01
180660,2.15E-01
180720,2.13E-01
180780,2.11E-01
180840,2.10E-01
180900,2.09E-01
180960,2.07E-01
181020,2.04E-01
181080,2.03E-01
181140,2.01E-01
181200,2.00E-01
181260,1.98E-01
181320,1.96E-01
181380,1.95E-01
181440,1.93E-01
181500,1.91E-01
181560,1.90E-01
181620,1.89E-01
181680,1.87E-01
181740,1.85E-01
181800,1.84E-01
181860,1.82E-01
181920,1.81E-01
181980,1.79E-01
182040,1.78E-01
182100,1.76E-01
182160,1.75E-01
182220,1.74E-01
182280,1.72E-01
182340,1.71E-01
182400,1.70E-01
182460,1.69E-01
182520,1.68E-01
182580,1.67E-01
182640,1.66E-01
182700,1.65E-01
182760,1.64E-01
182820,1.63E-01
182880,1.62E-01
182940,1.61E-01
183000,1.60E-01
183060,1.59E-01
183120,1.59E-01
183180,1.57E-01
183240,1.57E-01
183300,1.56E-01
183360,1.55E-01
183420,1.53E-01
183480,1.52E-01
183540,1.51E-01
183600,1.50E-01
183660,1.50E-01
183720,1.49E-01
183780,1.47E-01
183840,1.46E-01
183900,1.45E-01
183960,1.44E-01
184020,1.43E-01
184080,1.43E-01
184140,1.41E-01
184200,1.40E-01
184260,1.39E-01
184320,1.38E-01
184380,1.36E-01
184440,1.34E-01
184500,1.00E-01
184560,8.26E-02
184620,5.10E-03
184680,5.20E-03
184740,5.20E-03
184800,5.30E-03
184860,5.60E-03
184920,5.50E-03
184980,5.30E-03
185040,5.30E-03
185100,5.50E-03
185160,5.30E-03
185220,5.60E-03
185280,5.50E-03
185340,5.30E-03
185400,5.50E-03
185460,5.60E-03
185520,5.60E-03
185580,5.20E-03
185640,5.60E-03
185700,5.60E-03
185760,5.50E-03
185820,5.30E-03
185880,5.50E-03
185940,5.50E-03
186000,5.60E-03
186060,5.30E-03
186120,5.60E-03
186180,5.50E-03
186240,5.70E-03
186300,5.30E-03
186360,5.60E-03
186420,5.30E-03
186480,5.50E-03
186540,5.50E-03
186600,5.70E-03
186660,5.30E-03
186720,5.50E-03
186780,5.30E-03
186840,5.90E-03
186900,5.50E-03
186960,5.60E-03
187020,5.50E-03
187080,5.50E-03
187140,5.30E-03
187200,5.50E-03
187260,5.30E-03
187320,5.50E-03
187380,5.60E-03
187440,5.50E-03
187500,5.70E-03
187560,5.20E-03
187620,5.50E-03
187680,5.60E-03
187740,5.50E-03
187800,5.30E-03
187860,5.70E-03
187920,5.30E-03
187980,5.30E-03
188040,5.70E-03
188100,5.60E-03
188160,5.70E-03
188220,5.60E-03
188280,5.70E-03
188340,5.60E-03
188400,5.70E-03
188460,5.50E-03
188520,5.60E-03
188580,5.30E-03
188640,5.70E-03
188700,5.30E-03
188760,5.90E-03
188820,5.50E-03
188880,5.50E-03
188940,5.60E-03
189000,5.70E-03
189060,5.70E-03
189120,5.60E-03
189180,5.60E-03
189240,5.60E-03
189300,5.70E-03
189360,5.60E-03
189420,5.60E-03
189480,5.50E-03
189540,5.70E-03
189600,5.60E-03
189660,6.00E-03
189720,5.90E-03
189780,6.10E-03
189840,5.70E-03
189900,5.70E-03
189960,5.90E-03
190020,5.70E-03
190080,5.90E-03
190140,5.90E-03
190200,5.70E-03
190260,5.70E-03
190320,5.60E-03
190380,5.70E-03
190440,5.90E-03
190500,5.70E-03
190560,6.00E-03
190620,5.70E-03
190680,5.90E-03
190740,6.00E-03
190800,5.90E-03
190860,5.70E-03
190920,5.90E-03
190980,5.90E-03
191040,5.90E-03
191100,6.00E-03
191160,5.60E-03
191220,6.10E-03
191280,5.90E-03
191340,6.00E-03
191400,6.10E-03
191460,5.90E-03
191520,5.90E-03
191580,5.90E-03
191640,6.00E-03
191700,5.90E-03
191760,5.70E-03
191820,5.90E-03
191880,5.90E-03
191940,6.00E-03
192000,5.70E-03
192060,6.00E-03
192120,5.50E-03
192180,5.60E-03
192240,5.70E-03
192300,6.00E-03
192360,5.90E-03
192420,5.50E-03
192480,6.00E-03
192540,5.60E-03
192600,5.60E-03
192660,5.60E-03
192720,5.70E-03
192780,5.90E-03
192840,5.70E-03
192900,6.00E-03
192960,6.00E-03
193020,5.60E-03
193080,5.70E-03
193140,5.60E-03
193200,5.60E-03
193260,1.35E-02
193320,6.38E-02
193380,8.04E-02
193440,8.93E-02
193500,9.00E-02
193560,8.86E-02
193620,8.84E-02
193680,8.85E-02
193740,9.01E-02
193800,9.25E-02
193860,9.51E-02
193920,9.85E-02
193980,1.03E-01
194040,1.09E-01
194100,1.19E-01
194160,1.26E-01
194220,1.33E-01
194280,1.41E-01
194340,1.48E-01
194400,1.55E-01
194460,1.60E-01
194520,1.66E-01
194580,1.71E-01
194640,1.77E-01
194700,1.83E-01
194760,1.88E-01
194820,1.94E-01
194880,1.99E-01
194940,2.04E-01
195000,2.10E-01
195060,2.15E-01
195120,2.20E-01
195180,2.26E-01
195240,2.32E-01
195300,2.37E-01
195360,2.43E-01
195420,2.47E-01
195480,2.50E-01
195540,2.51E-01
195600,2.52E-01
195660,2.52E-01
195720,2.52E-01
195780,2.52E-01
195840,2.52E-01
195900,2.52E-01
195960,2.52E-01
196020,2.52E-01
196080,2.52E-01
196140,2.52E-01
196200,2.52E-01
196260,2.52E-01
196320,2.52E-01
196380,2.52E-01
196440,2.52E-01
196500,2.52E-01
196560,2.52E-01
196620,2.52E-01
196680,2.52E-01
196740,2.52E-01
196800,2.52E-01
196860,2.51E-01
196920,2.47E-01
196980,2.45E-01
197040,2.43E-01
197100,2.41E-01
197160,2.38E-01
197220,2.36E-01
197280,2.35E-01
197340,2.33E-01
197400,2.31E-01
197460,2.29E-01
197520,2.27E-01
197580,2.24E-01
197640,2.23E-01
197700,2.20E-01
197760,2.19E-01
197820,2.17E-01
197880,2.15E-01
197940,2.13E-01
198000,2.11E-01
198060,2.09E-01
198120,2.07E-01
198180,2.05E-01
198240,2.03E-01
198300,2.02E-01
198360,2.00E-01
198420,1.98E-01
198480,1.96E-01
198540,1.94E-01
198600,1.93E-01
198660,1.91E-01
198720,1.89E-01
198780,1.87E-01
198840,1.85E-01
198900,1.83E-01
198960,1.82E-01
199020,1.80E-01
199080,1.79E-01
199140,1.76E-01
199200,1.75E-01
199260,1.74E-01
199320,1.71E-01
199380,1.70E-01
199440,1.68E-01
199500,1.66E-01
199560,1.64E-01
199620,1.63E-01
199680,1.61E-01
199740,1.59E-01
199800,1.57E-01
199860,1.55E-01
199920,1.53E-01
199980,1.51E-01
200040,1.50E-01
200100,1.48E-01
200160,1.46E-01
200220,1.45E-01
200280,1.43E-01
200340,1.41E-01
200400,1.39E-01
200460,1.38E-01
200520,1.36E-01
200580,1.35E-01
200640,1.33E-01
200700,1.31E-01
200760,1.29E-01
200820,1.28E-01
200880,1.26E-01
200940,1.24E-01
201000,1.22E-01
201060,1.20E-01
201120,1.18E-01
201180,1.17E-01
201240,1.15E-01
201300,1.13E-01
201360,1.12E-01
201420,1.10E-01
201480,1.08E-01
201540,1.06E-01
201600,1.04E-01
201660,1.03E-01
201720,1.01E-01
201780,9.85E-02
201840,9.61E-02
201900,9.36E-02
201960,9.14E-02
202020,8.88E-02
202080,8.68E-02
202140,8.46E-02
202200,8.14E-02
202260,4.94E-02
202320,2.91E-02
202380,1.64E-02
202440,8.10E-03
202500,5.00E-03
202560,5.00E-03
202620,5.00E-03
202680,5.00E-03
202740,5.00E-03
202800,5.00E-03
202860,5.00E-03
202920,5.00E-03
202980,5.00E-03
203040,5.00E-03
203100,5.00E-03
203160,5.00E-03
203220,5.00E-03
203280,5.00E-03
203340,5.00E-03
203400,5.00E-03
203460,5.00E-03
203520,5.00E-03
203580,5.00E-03
203640,5.00E-03
203700,5.00E-03
203760,5.00E-03
203820,5.00E-03
203880,5.00E-03
203940,5.00E-03
204000,5.00E-03
204060,5.00E-03
204120,5.00E-03
204180,5.00E-03
204240,5.00E-03
204300,5.00E-03
204360,5.00E-03
204420,5.00E-03
204480,5.00E-03
204540,5.00E-03
204600,5.00E-03
204660,5.00E-03
204720,5.00E-03
204780,5.00E-03
204840,5.00E-03
204900,5.00E-03
204960,5.00E-03
205020,5.00E-03
205080,5.00E-03
205140,5.00E-03
205200,5.00E-03
205260,5.00E-03
205320,5.00E-03
205380,5.00E-03
205440,5.00E-03
205500,5.00E-03
205560,5.00E-03
205620,5.00E-03
205680,5.00E-03
205740,5.00E-03
205800,5.00E-03
205860,5.00E-03
205920,5.00E-03
205980,5.00E-03
206040,5.00E-03
206100,5.00E-03
206160,5.00E-03
206220,5.00E-03
206280,5.00E-03
206340,5.00E-03
206400,5.30E-03
206460,5.20E-03
206520,5.10E-03
206580,5.30E-03
206640,5.10E-03
206700,5.20E-03
206760,5.10E-03
206820,5.10E-03
206880,5.20E-03
206940,5.10E-03
207000,5.50E-03
207060,5.10E-03
207120,5.10E-03
207180,5.20E-03
207240,5.50E-03
207300,5.50E-03
207360,5.10E-03
207420,5.20E-03
207480,5.20E-03
207540,5.00E-03
207600,5.30E-03
207660,5.10E-03
207720,5.20E-03
207780,5.10E-03
207840,5.20E-03
207900,5.20E-03
207960,5.20E-03
208020,5.20E-03
208080,5.30E-03
208140,5.20E-03
208200,5.10E-03
208260,5.20E-03
208320,5.10E-03
208380,5.20E-03
208440,5.50E-03
208500,5.10E-03
208560,5.30E-03
208620,5.20E-03
208680,5.30E-03
208740,5.10E-03
208800,5.30E-03
208860,5.20E-03
208920,5.30E-03
208980,5.10E-03
209040,5.30E-03
209100,5.20E-03
209160,5.50E-03
209220,5.20E-03
209280,5.10E-03
209340,5.30E-03
209400,5.00E-03
209460,5.20E-03
209520,5.20E-03
209580,5.20E-03
209640,5.00E-03
209700,5.20E-03
209760,5.30E-03
209820,5.20E-03
209880,5.20E-03
209940,5.10E-03
210000,5.20E-03
210060,5.10E-03
210120,5.10E-03
210180,5.10E-03
210240,5.20E-03
210300,5.30E-03
210360,5.10E-03
210420,5.00E-03
210480,5.30E-03
210540,5.30E-03
210600,5.30E-03
210660,5.30E-03
210720,5.00E-03
210780,5.10E-03
210840,5.10E-03
210900,5.20E-03
210960,5.10E-03
211020,5.00E-03
211080,5.10E-03
211140,5.20E-03
211200,5.20E-03
211260,1.98E-02
211320,5.78E-02
211380,6.98E-02
211440,7.68E-02
211500,7.97E-02
211560,8.20E-02
211620,8.46E-02
211680,8.70E-02
211740,8.97E-02
211800,9.28E-02
211860,9.57E-02
211920,9.91E-02
211980,1.03E-01
212040,1.08E-01
212100,1.18E-01
212160,1.26E-01
212220,1.33E-01
212280,1.41E-01
212340,1.47E-01
212400,1.55E-01
212460,1.61E-01
212520,1.67E-01
212580,1.72E-01
212640,1.78E-01
212700,1.83E-01
212760,1.89E-01
212820,1.95E-01
212880,2.00E-01
212940,2.05E-01
213000,2.10E-01
213060,2.16E-01
213120,2.21E-01
213180,2.26E-01
213240,2.32E-01
213300,2.37E-01
213360,2.43E-01
213420,2.45E-01
213480,2.47E-01
213540,2.48E-01
213600,2.48E-01
213660,2.49E-01
213720,2.50E-01
213780,2.50E-01
213840,2.50E-01
213900,2.50E-01
213960,2.50E-01
214020,2.50E-01
214080,2.50E-01
214140,2.50E-01
214200,2.50E-01
214260,2.50E-01
214320,2.51E-01
214380,2.50E-01
214440,2.50E-01
214500,2.50E-01
214560,2.50E-01
214620,2.50E-01
214680,2.50E-01
214740,2.50E-01
214800,2.50E-01
214860,2.48E-01
214920,2.45E-01
214980,2.42E-01
215040,2.41E-01
215100,2.39E-01
215160,2.36E-01
215220,2.35E-01
215280,2.33E-01
215340,2.30E-01
215400,2.28E-01
215460,2.26E-01
215520,2.25E-01
215580,2.23E-01
215640,2.21E-01
215700,2.18E-01
215760,2.17E-01
215820,2.14E-01
215880,2.12E-01
215940,2.10E-01
216000,2.09E-01
216060,2.06E-01
216120,2.04E-01
216180,2.03E-01
216240,2.01E-01
216300,1.99E-01
216360,1.97E-01
216420,1.95E-01
216480,1.93E-01
216540,1.91E-01
216600,1.89E-01
216660,1.87E-01
216720,1.85E-01
216780,1.84E-01
216840,1.82E-01
216900,1.80E-01
216960,1.78E-01
217020,1.76E-01
217080,1.75E-01
217140,1.73E-01
217200,1.71E-01
217260,1.69E-01
217320,1.67E-01
217380,1.66E-01
217440,1.64E-01
217500,1.62E-01
217560,1.61E-01
217620,1.58E-01
217680,1.57E-01
217740,1.55E-01
217800,1.53E-01
217860,1.51E-01
217920,1.49E-01
217980,1.47E-01
218040,1.46E-01
218100,1.44E-01
218160,1.42E-01
218220,1.40E-01
218280,1.38E-01
218340,1.36E-01
218400,1.35E-01
218460,1.33E-01
218520,1.31E-01
218580,1.29E-01
218640,1.28E-01
218700,1.26E-01
218760,1.24E-01
218820,1.22E-01
218880,1.20E-01
218940,1.18E-01
219000,1.16E-01
219060,1.14E-01
219120,1.13E-01
219180,1.11E-01
219240,1.08E-01
219300,1.07E-01
219360,1.05E-01
219420,1.03E-01
219480,1.01E-01
219540,9.88E-02
219600,9.71E-02
219660,9.47E-02
219720,9.32E-02
219780,9.13E-02
219840,8.90E-02
219900,8.74E-02
219960,8.46E-02
220020,8.28E-02
220080,8.09E-02
220140,7.86E-02
220200,7.61E-02
220260,5.41E-02
220320,2.90E-02
220380,1.20E-02
220440,5.00E-03
220500,5.00E-03
220560,5.00E-03
220620,5.00E-03
220680,5.00E-03
220740,5.00E-03
220800,5.00E-03
220860,5.00E-03
220920,5.00E-03
220980,5.00E-03
221040,5.00E-03
221100,5.00E-03
221160,5.00E-03
221220,5.00E-03
221280,5.00E-03
221340,5.00E-03
221400,5.00E-03
221460,5.00E-03
221520,5.00E-03
221580,5.00E-03
221640,5.00E-03
221700,5.00E-03
221760,5.00E-03
221820,5.00E-03
221880,5.00E-03
221940,5.00E-03
222000,5.00E-03
222060,5.00E-03
222120,5.00E-03
222180,5.00E-03
222240,5.00E-03
222300,5.00E-03
222360,5.00E-03
222420,5.00E-03
222480,5.00E-03
222540,5.00E-03
222600,5.00E-03
222660,5.00E-03
222720,5.00E-03
222780,5.00E-03
222840,5.00E-03
222900,5.00E-03
222960,5.00E-03
223020,5.00E-03
223080,5.00E-03
223140,5.00E-03
223200,5.00E-03
223260,5.00E-03
223320,5.00E-03
223380,5.00E-03
223440,5.00E-03
223500,5.00E-03
223560,5.00E-03
223620,5.00E-03
223680,5.00E-03
223740,5.00E-03
223800,5.00E-03
223860,5.00E-03
223920,5.00E-03
223980,5.00E-03
224040,5.00E-03
224100,5.00E-03
224160,5.00E-03
224220,5.00E-03
224280,5.00E-03
224340,5.00E-03
224400,5.00E-03
224460,5.00E-03
224520,5.00E-03
224580,5.00E-03
224640,5.00E-03
224700,5.00E-03
224760,5.00E-03
224820,5.00E-03
224880,5.00E-03
224940,5.00E-03
225000,5.00E-03
225060,5.00E-03
225120,5.00E-03
225180,5.00E-03
225240,5.00E-03
225300,5.00E-03
225360,5.00E-03
225420,5.00E-03
225480,5.00E-03
225540,5.00E-03
225600,5.00E-03
225660,5.00E-03
225720,5.00E-03
225780,5.00E-03
225840,5.00E-03
225900,5.00E-03
225960,5.00E-03
226020,5.00E-03
226080,5.00E-03
226140,5.00E-03
226200,5.00E-03
226260,5.00E-03
226320,5.00E-03
226380,5.00E-03
226440,5.00E-03
226500,5.00E-03
226560,5.00E-03
226620,5.00E-03
226680,5.00E-03
226740,5.00E-03
226800,5.00E-03
226860,5.00E-03
226920,5.00E-03
226980,5.00E-03
227040,5.00E-03
227100,5.00E-03
227160,5.00E-03
227220,5.00E-03
227280,5.00E-03
227340,5.00E-03
227400,5.00E-03
227460,5.00E-03
227520,5.00E-03
227580,5.00E-03
227640,5.00E-03
227700,5.00E-03
227760,5.00E-03
227820,5.00E-03
227880,5.00E-03
227940,5.00E-03
228000,5.00E-03
228060,5.00E-03
228120,5.00E-03
228180,5.00E-03
228240,5.00E-03
228300,5.00E-03
228360,5.00E-03
228420,5.00E-03
228480,5.00E-03
228540,6.70E-03
228600,6.70E-03
228660,6.50E-03
228720,6.50E-03
228780,6.10E-03
228840,6.30E-03
228900,6.30E-03
228960,6.10E-03
229020,6.40E-03
229080,6.10E-03
229140,6.40E-03
229200,6.40E-03
229260,2.10E-02
229320,5.17E-02
229380,6.22E-02
229440,6.93E-02
229500,7.25E-02
229560,7.66E-02
229620,8.01E-02
229680,8.37E-02
229740,8.73E-02
229800,9.05E-02
229860,9.37E-02
229920,9.76E-02
229980,1.02E-01
230040,1.09E-01
230100,1.18E-01
230160,1.26E-01
230220,1.33E-01
230280,1.41E-01
230340,1.48E-01
230400,1.54E-01
230460,1.60E-01
230520,1.66E-01
230580,1.72E-01
230640,1.78E-01
230700,1.83E-01
230760,1.88E-01
230820,1.93E-01
230880,1.99E-01
230940,2.04E-01
231000,2.09E-01
231060,2.15E-01
231120,2.20E-01
231180,2.26E-01
231240,2.31E-01
231300,2.37E-01
231360,2.40E-01
231420,2.42E-01
231480,2.43E-01
231540,2.44E-01
231600,2.45E-01
231660,2.45E-01
231720,2.46E-01
231780,2.46E-01
231840,2.47E-01
231900,2.47E-01
231960,2.47E-01
232020,2.46E-01
232080,2.46E-01
232140,2.46E-01
232200,2.47E-01
232260,2.47E-01
232320,2.47E-01
232380,2.47E-01
232440,2.47E-01
232500,2.47E-01
232560,2.47E-01
232620,2.46E-01
232680,2.46E-01
232740,2.46E-01
232800,2.46E-01
232860,2.44E-01
232920,2.41E-01
232980,2.39E-01
233040,2.37E-01
233100,2.35E-01
233160,2.33E-01
233220,2.31E-01
233280,2.29E-01
233340,2.27E-01
233400,2.25E-01
233460,2.23E-01
233520,2.21E-01
233580,2.19E-01
233640,2.17E-01
233700,2.15E-01
233760,2.14E-01
233820,2.11E-01
233880,2.09E-01
233940,2.08E-01
234000,2.06E-01
234060,2.04E-01
234120,2.02E-01
234180,2.00E-01
234240,1.98E-01
234300,1.96E-01
234360,1.94E-01
234420,1.92E-01
234480,1.91E-01
234540,1.89E-01
234600,1.87E-01
234660,1.85E-01
234720,1.83E-01
234780,1.81E-01
234840,1.80E-01
234900,1.78E-01
234960,1.76E-01
235020,1.74E-01
235080,1.73E-01
235140,1.71E-01
235200,1.69E-01
235260,1.67E-01
235320,1.65E-01
235380,1.64E-01
235440,1.62E-01
235500,1.60E-01
235560,1.59E-01
235620,1.57E-01
235680,1.55E-01
235740,1.53E-01
235800,1.51E-01
235860,1.50E-01
235920,1.48E-01
235980,1.46E-01
236040,1.44E-01
236100,1.43E-01
236160,1.41E-01
236220,1.39E-01
236280,1.37E-01
236340,1.35E-01
236400,1.34E-01
236460,1.32E-01
236520,1.30E-01
236580,1.28E-01
236640,1.26E-01
236700,1.25E-01
236760,1.23E-01
236820,1.21E-01
236880,1.19E-01
236940,1.17E-01
237000,1.16E-01
237060,1.14E-01
237120,1.12E-01
237180,1.11E-01
237240,1.09E-01
237300,1.07E-01
237360,1.05E-01
237420,1.03E-01
237480,1.01E-01
237540,9.84E-02
237600,9.64E-02
237660,9.45E-02
237720,9.25E-02
237780,9.04E-02
237840,8.89E-02
237900,8.64E-02
237960,8.44E-02
238020,8.26E-02
238080,8.02E-02
238140,7.85E-02
238200,7.60E-02
238260,7.41E-02
238320,7.17E-02
238380,6.94E-02
238440,6.66E-02
238500,3.80E-02
238560,1.48E-02
238620,5.00E-03
238680,5.00E-03
238740,5.00E-03
238800,5.00E-03
238860,5.00E-03
238920,5.00E-03
238980,5.00E-03
239040,5.00E-03
239100,5.00E-03
239160,5.00E-03
239220,5.00E-03
239280,5.00E-03
239340,5.00E-03
239400,5.00E-03
239460,5.00E-03
239520,5.00E-03
239580,5.00E-03
239640,5.00E-03
239700,5.00E-03
239760,5.00E-03
239820,5.00E-03
239880,5.00E-03
239940,5.00E-03
240000,5.00E-03
240060,5.00E-03
240120,5.00E-03
240180,5.00E-03
240240,5.00E-03
240300,5.00E-03
240360,5.00E-03
240420,5.00E-03
240480,5.00E-03
240540,5.00E-03
240600,5.00E-03
240660,5.00E-03
240720,5.00E-03
240780,5.00E-03
240840,5.00E-03
240900,5.00E-03
240960,5.00E-03
241020,5.00E-03
241080,5.00E-03
241140,5.00E-03
241200,5.00E-03
241260,5.00E-03
241320,5.00E-03
241380,5.00E-03
241440,5.00E-03
241500,5.00E-03
241560,5.00E-03
241620,5.00E-03
241680,5.00E-03
241740,5.00E-03
241800,5.00E-03
241860,5.00E-03
241920,5.00E-03
241980,5.00E-03
242040,5.00E-03
242100,5.00E-03
242160,5.00E-03
242220,5.00E-03
242280,5.00E-03
242340,5.00E-03
242400,5.00E-03
242460,5.00E-03
242520,5.00E-03
242580,5.00E-03
242640,5.00E-03
242700,5.00E-03
242760,5.00E-03
242820,5.00E-03
242880,5.00E-03
242940,5.00E-03
243000,5.00E-03
243060,5.00E-03
243120,5.00E-03
243180,5.00E-03
243240,5.00E-03
243300,5.00E-03
243360,5.00E-03
243420,5.00E-03
243480,5.00E-03
243540,5.00E-03
243600,5.00E-03
243660,5.00E-03
243720,5.00E-03
243780,5.00E-03
243840,5.00E-03
243900,5.00E-03
243960,5.00E-03
244020,5.00E-03
244080,5.00E-03
244140,5.00E-03
244200,5.00E-03
244260,5.00E-03
244320,5.00E-03
244380,5.00E-03
244440,5.00E-03
244500,5.00E-03
244560,5.00E-03
244620,5.00E-03
244680,5.00E-03
244740,5.00E-03
244800,5.00E-03
244860,5.00E-03
244920,5.00E-03
244980,5.00E-03
245040,5.00E-03
245100,5.00E-03
245160,5.00E-03
245220,5.00E-03
245280,5.00E-03
245340,5.00E-03
245400,5.00E-03
245460,5.00E-03
245520,5.00E-03
245580,5.00E-03
245640,5.00E-03
245700,5.00E-03
245760,5.00E-03
245820,5.00E-03
245880,5.00E-03
245940,5.00E-03
246000,5.00E-03
246060,5.00E-03
246120,5.00E-03
246180,5.00E-03
246240,5.00E-03
246300,5.00E-03
246360,5.00E-03
246420,5.00E-03
246480,5.00E-03
246540,5.00E-03
246600,5.00E-03
246660,5.00E-03
246720,5.00E-03
246780,5.00E-03
246840,5.00E-03
246900,5.00E-03
246960,5.00E-03
247020,5.00E-03
247080,5.00E-03
247140,5.00E-03
247200,5.00E-03
247260,5.00E-03
247320,5.00E-03
247380,5.00E-03
247440,1.13E-02
247500,1.96E-02
247560,3.08E-02
247620,4.05E-02
247680,4.82E-02
247740,5.53E-02
247800,6.18E-02
247860,6.82E-02
247920,7.42E-02
247980,8.10E-02
248040,8.80E-02
248100,9.40E-02
248160,1.02E-01
248220,1.08E-01
248280,1.15E-01
248340,1.21E-01
248400,1.28E-01
248460,1.35E-01
248520,1.41E-01
248580,1.48E-01
248640,1.54E-01
248700,1.61E-01
248760,1.67E-01
248820,1.73E-01
248880,1.80E-01
248940,1.87E-01
249000,1.93E-01
249060,1.99E-01
249120,2.06E-01
249180,2.12E-01
249240,2.19E-01
249300,2.24E-01
249360,2.27E-01
249420,2.27E-01
249480,2.28E-01
249540,2.28E-01
249600,2.28E-01
249660,2.28E-01
249720,2.28E-01
249780,2.28E-01
249840,2.28E-01
249900,2.29E-01
249960,2.28E-01
250020,2.28E-01
250080,2.28E-01
250140,2.28E-01
250200,2.28E-01
250260,2.28E-01
250320,2.27E-01
250380,2.27E-01
250440,2.27E-01
250500,2.27E-01
250560,2.27E-01
250620,2.26E-01
250680,2.26E-01
250740,2.26E-01
250800,2.26E-01
250860,2.24E-01
250920,2.22E-01
250980,2.21E-01
251040,2.18E-01
251100,2.16E-01
251160,2.14E-01
251220,2.12E-01
251280,2.10E-01
251340,2.09E-01
251400,2.06E-01
251460,2.04E-01
251520,2.02E-01
251580,2.00E-01
251640,1.98E-01
251700,1.96E-01
251760,1.94E-01
251820,1.92E-01
251880,1.90E-01
251940,1.88E-01
252000,1.86E-01
252060,1.83E-01
252120,1.82E-01
252180,1.80E-01
252240,1.77E-01
252300,1.75E-01
252360,1.73E-01
252420,1.71E-01
252480,1.69E-01
252540,1.67E-01
252600,1.65E-01
252660,1.63E-01
252720,1.61E-01
252780,1.59E-01
252840,1.57E-01
252900,1.55E-01
252960,1.53E-01
253020,1.51E-01
253080,1.49E-01
253140,1.47E-01
253200,1.45E-01
253260,1.43E-01
253320,1.41E-01
253380,1.39E-01
253440,1.37E-01
253500,1.35E-01
253560,1.33E-01
253620,1.31E-01
253680,1.29E-01
253740,1.27E-01
253800,1.25E-01
253860,1.23E-01
253920,1.21E-01
253980,1.19E-01
254040,1.17E-01
254100,1.15E-01
254160,1.13E-01
254220,1.11E-01
254280,1.09E-01
254340,1.07E-01
254400,1.06E-01
254460,1.04E-01
254520,1.02E-01
254580,9.99E-02
254640,9.81E-02
254700,9.65E-02
254760,9.48E-02
254820,9.29E-02
254880,9.09E-02
254940,8.93E-02
255000,8.77E-02
255060,8.54E-02
255120,8.38E-02
255180,8.18E-02
255240,8.04E-02
255300,7.86E-02
255360,7.69E-02
255420,7.52E-02
255480,7.33E-02
255540,7.17E-02
255600,6.97E-02
255660,6.80E-02
255720,6.59E-02
255780,6.38E-02
255840,6.21E-02
255900,6.02E-02
255960,5.82E-02
256020,5.67E-02
256080,5.46E-02
256140,5.29E-02
256200,5.11E-02
256260,4.93E-02
256320,4.73E-02
256380,4.53E-02
256440,4.39E-02
256500,4.15E-02
256560,3.99E-02
256620,3.75E-02
256680,3.51E-02
256740,5.00E-03
256800,5.00E-03
256860,5.00E-03
256920,5.00E-03
256980,5.00E-03
257040,5.00E-03
257100,5.00E-03
257160,5.00E-03
257220,5.00E-03
257280,5.00E-03
257340,5.00E-03
257400,5.00E-03
257460,5.00E-03
257520,5.00E-03
257580,5.00E-03
257640,5.00E-03
257700,5.00E-03
257760,5.00E-03
257820,5.00E-03
257880,5.00E-03
257940,5.00E-03
258000,5.00E-03
258060,5.00E-03
258120,5.00E-03
258180,5.00E-03
258240,5.00E-03
258300,5.00E-03
258360,5.00E-03
258420,5.00E-03
258480,5.00E-03
258540,5.00E-03
258600,5.00E-03
258660,5.00E-03
258720,5.00E-03
258780,5.00E-03
258840,5.00E-03
258900,5.00E-03
258960,5.00E-03
259020,5.00E-03
259080,5.00E-03
259140,5.00E-03
259200,5.00E-03
259260,5.00E-03
259320,5.00E-03
259380,5.00E-03
259440,5.00E-03
259500,5.00E-03
259560,5.00E-03
259620,5.00E-03
259680,5.00E-03
259740,5.00E-03
259800,5.00E-03
259860,5.00E-03
259920,5.00E-03
259980,5.00E-03
260040,5.00E-03
260100,5.00E-03
260160,5.00E-03
260220,5.00E-03
260280,5.00E-03
260340,5.00E-03
260400,5.00E-03
260460,5.00E-03
260520,5.00E-03
260580,5.00E-03
260640,5.00E-03
260700,5.00E-03
260760,5.00E-03
260820,5.00E-03
260880,5.00E-03
260940,5.00E-03
261000,5.00E-03
261060,5.00E-03
261120,5.00E-03
261180,5.00E-03
261240,5.00E-03
261300,5.00E-03
261360,5.00E-03
261420,5.00E-03
261480,5.00E-03
261540,5.00E-03
261600,5.00E-03
261660,5.00E-03
261720,5.00E-03
261780,5.00E-03
261840,5.00E-03
261900,5.00E-03
261960,5.00E-03
262020,5.00E-03
262080,5.00E-03
262140,5.00E-03
262200,5.00E-03
262260,5.00E-03
262320,5.00E-03
262380,5.00E-03
262440,5.00E-03
262500,5.00E-03
262560,5.00E-03
262620,5.00E-03
262680,5.00E-03
262740,5.00E-03
262800,5.00E-03
262860,5.00E-03
262920,5.00E-03
262980,5.00E-03
263040,5.00E-03
263100,5.00E-03
263160,5.00E-03
263220,5.00E-03
263280,5.00E-03
263340,5.00E-03
263400,5.00E-03
263460,5.00E-03
263520,5.00E-03
263580,5.00E-03
263640,5.00E-03
263700,5.00E-03
263760,5.00E-03
263820,5.00E-03
263880,5.00E-03
263940,5.00E-03
264000,5.00E-03
264060,5.00E-03
264120,5.00E-03
264180,5.00E-03
264240,5.00E-03
264300,5.00E-03
264360,5.00E-03
264420,5.00E-03
264480,5.00E-03
264540,5.00E-03
264600,5.00E-03
264660,5.00E-03
264720,5.00E-03
264780,5.00E-03
264840,5.00E-03
264900,5.00E-03
264960,5.00E-03
265020,5.00E-03
265080,5.00E-03
265140,5.00E-03
265200,5.00E-03
265260,5.00E-03
265320,5.00E-03
265380,5.00E-03
265440,5.00E-03
265500,5.00E-03
265560,5.00E-03
265620,5.00E-03
265680,5.00E-03
265740,5.00E-03
265800,5.00E-03
265860,5.00E-03
265920,5.00E-03
265980,5.00E-03
266040,5.00E-03
266100,5.00E-03
266160,5.00E-03
266220,5.00E-03
266280,5.00E-03
266340,5.00E-03
266400,5.00E-03
266460,5.00E-03
266520,5.00E-03
266580,5.00E-03
266640,5.00E-03
266700,5.00E-03
266760,5.00E-03
266820,5.00E-03
266880,5.00E-03
266940,5.00E-03
267000,5.00E-03
267060,5.00E-03
267120,5.00E-03
267180,5.00E-03
267240,5.00E-03
267300,5.00E-03
267360,5.00E-03
267420,5.00E-03
267480,5.00E-03
267540,5.00E-03
267600,5.00E-03
267660,5.00E-03
267720,5.00E-03
267780,5.00E-03
267840,5.00E-03
267900,5.00E-03
267960,5.00E-03
268020,5.00E-03
268080,5.00E-03
268140,5.00E-03
268200,5.00E-03
268260,5.00E-03
268320,5.00E-03
268380,5.00E-03
268440,5.00E-03
268500,5.00E-03
268560,5.00E-03
268620,5.00E-03
268680,5.00E-03
268740,5.00E-03
268800,5.00E-03
268860,5.00E-03
268920,5.00E-03
268980,5.00E-03
269040,5.00E-03
269100,5.00E-03
269160,5.00E-03
269220,5.00E-03
269280,5.00E-03
269340,5.00E-03
269400,5.00E-03
269460,5.00E-03
269520,5.00E-03
269580,5.00E-03
269640,5.00E-03
269700,5.00E-03
269760,5.00E-03
269820,5.00E-03
269880,5.00E-03
269940,5.00E-03
270000,5.00E-03
270060,5.00E-03
270120,5.00E-03
270180,5.00E-03
270240,5.00E-03
270300,5.00E-03
270360,5.00E-03
270420,5.00E-03
270480,5.00E-03
270540,5.00E-03
270600,5.00E-03
270660,5.00E-03
270720,5.00E-03
270780,5.00E-03
270840,5.00E-03
